StructuralLegID,Stage2RegionID,RunNumber,Stage2SweepType,LegType,SampleCount,StartTime_s,EndTime_s,Duration_s,SA_Start_deg,SA_End_deg,SA_Min_deg,SA_Max_deg,SA_Range_deg,FZ_Mean_N,FZ_Median_N,P_Mean_kPa,IA_Mean_deg,V_Mean_kph
1,1,2,MAIN_CORNERING_PART_1,ENTRY_PARTIAL_LEG,295,278.54,281.48,2.94,1.053,12.071,1.053,12.213,11.16,1085.34186440678,1086.17,83.7211186440678,-0.00174915254237288,40.2057288135593
2,1,2,MAIN_CORNERING_PART_1,FULL_CENTRAL_SWEEP_RAW,626,281.48,287.73,6.25,12.071,-12.035,-12.202,12.071,24.273,1086.53474440895,1087.4,83.4714856230032,-0.00126837060702875,40.2136741214057
3,1,2,MAIN_CORNERING_PART_1,EXIT_PARTIAL_LEG,281,287.73,290.53,2.79999999999995,-12.035,-1.016,-12.035,-1.016,11.019,1108.74096085409,1107.15,83.0946619217082,-0.000747330960854093,40.2362277580071
4,2,2,MAIN_CORNERING_PART_1,ENTRY_PARTIAL_LEG,295,312.33,315.27,2.94,1.026,12.092,1.026,12.193,11.167,878.324881355932,878.18,83.7073220338983,-0.00593559322033899,40.204
5,2,2,MAIN_CORNERING_PART_1,FULL_CENTRAL_SWEEP_RAW,627,315.27,321.53,6.25999999999999,12.092,-12.035,-12.178,12.092,24.27,874.717416267943,875.87,83.3321690590112,-0.0043524720893142,40.2162360446571
6,2,2,MAIN_CORNERING_PART_1,EXIT_PARTIAL_LEG,281,321.53,324.33,2.80000000000001,-12.035,-1.04,-12.035,-1.04,10.995,890.819181494662,890.88,83.2402491103203,-0.00583629893238434,40.2254448398576
7,3,2,MAIN_CORNERING_PART_1,ENTRY_PARTIAL_LEG,295,346.12,349.06,2.94,1.002,12.075,1.002,12.159,11.157,659.781186440678,658.31,83.5964745762712,-0.00363728813559322,40.2055593220339
8,3,2,MAIN_CORNERING_PART_1,FULL_CENTRAL_SWEEP_RAW,626,349.06,355.31,6.25,12.075,-12.065,-12.166,12.075,24.241,653.188162939297,654.52,83.4669488817891,-0.00408626198083067,40.211821086262
9,3,2,MAIN_CORNERING_PART_1,EXIT_PARTIAL_LEG,282,355.31,358.12,2.81,-12.065,-1.038,-12.065,-1.038,11.027,662.515496453901,662.26,83.2508865248227,-0.00335815602836879,40.2159929078014
10,4,2,MAIN_CORNERING_PART_1,ENTRY_PARTIAL_LEG,293,379.9,382.82,2.92000000000002,1.012,12.057,1.012,12.06,11.048,217.335699658703,216.67,83.5131058020478,-0.00137883959044369,40.2142320819113
11,4,2,MAIN_CORNERING_PART_1,FULL_CENTRAL_SWEEP_RAW,626,382.82,389.07,6.25,12.057,-12.071,-12.071,12.057,24.128,207.478450479233,207.155,83.4243610223642,-0.000154952076677316,40.2125079872204
12,4,2,MAIN_CORNERING_PART_1,EXIT_PARTIAL_LEG,284,389.07,391.9,2.82999999999998,-12.071,-1.01,-12.071,-1.01,11.061,204.278591549296,203.635,83.3053873239437,-0.00100352112676056,40.2177816901408
13,5,2,MAIN_CORNERING_PART_1,ENTRY_PARTIAL_LEG,296,413.73,416.68,2.94999999999999,1.005,12.064,1.005,12.219,11.214,1089.54260135135,1090.17,83.6124324324325,0.00231756756756757,40.20625
14,5,2,MAIN_CORNERING_PART_1,FULL_CENTRAL_SWEEP_RAW,626,416.68,422.93,6.25,12.064,-12.049,-12.185,12.064,24.249,1091.20017571885,1092.26,83.3863418530351,0.00013258785942492,40.2149041533546
15,5,2,MAIN_CORNERING_PART_1,EXIT_PARTIAL_LEG,281,422.93,425.73,2.80000000000001,-12.049,-1.039,-12.049,-1.039,11.01,1113.06274021352,1112.13,83.1653024911032,-0.000640569395017794,40.229537366548
16,6,2,MAIN_CORNERING_PART_1,ENTRY_PARTIAL_LEG,294,447.51,450.44,2.93000000000001,1.002,12.085,1.002,12.143,11.141,440.065986394558,438.795,83.5195578231292,0.00318367346938776,40.2115646258503
17,6,2,MAIN_CORNERING_PART_1,FULL_CENTRAL_SWEEP_RAW,626,450.44,456.69,6.25,12.085,-12.089,-12.113,12.085,24.198,429.346405750799,429.505,83.4269968051118,0.00313738019169329,40.2152396166134
18,6,2,MAIN_CORNERING_PART_1,EXIT_PARTIAL_LEG,284,456.69,459.52,2.82999999999998,-12.089,-1.013,-12.089,-1.013,11.076,433.761443661972,432.78,83.2846126760564,0.00262323943661972,40.2205633802817
19,7,2,MAIN_CORNERING_PART_1,ENTRY_PARTIAL_LEG,295,481.33,484.27,2.94,1.011,12.113,1.011,12.205,11.194,857.398949152542,858.83,83.5329152542373,1.99468813559322,40.2089491525424
20,7,2,MAIN_CORNERING_PART_1,FULL_CENTRAL_SWEEP_RAW,627,484.27,490.53,6.25999999999999,12.113,-12.016,-12.161,12.113,24.274,873.40658692185,873.54,83.4885964912281,1.99524561403509,40.2132376395534
21,7,2,MAIN_CORNERING_PART_1,EXIT_PARTIAL_LEG,281,490.53,493.33,2.80000000000001,-12.016,-1.012,-12.016,-1.012,11.004,889.912135231317,889.66,83.1355871886121,1.99474377224199,40.2274021352313
22,8,2,MAIN_CORNERING_PART_1,ENTRY_PARTIAL_LEG,294,515.119,518.049,2.92999999999995,1.024,12.138,1.024,12.193,11.169,653.124829931973,653.23,83.5078231292517,1.99255102040816,40.206768707483
23,8,2,MAIN_CORNERING_PART_1,FULL_CENTRAL_SWEEP_RAW,628,518.049,524.319,6.26999999999998,12.138,-12.015,-12.14,12.138,24.278,663.570573248408,663.955,83.491178343949,1.99369267515924,40.2162898089172
24,8,2,MAIN_CORNERING_PART_1,EXIT_PARTIAL_LEG,282,524.319,527.129,2.81000000000006,-12.015,-1.002,-12.018,-1.002,11.016,673.607978723404,672.885,83.2080496453901,1.99427304964539,40.2295035460993
25,9,2,MAIN_CORNERING_PART_1,ENTRY_PARTIAL_LEG,292,548.899,551.809,2.90999999999997,1.021,12.09,1.021,12.09,11.069,212.623904109589,213.49,83.4368835616439,1.9912602739726,40.2081164383562
26,9,2,MAIN_CORNERING_PART_1,FULL_CENTRAL_SWEEP_RAW,627,551.809,558.068,6.25900000000001,12.09,-12.025,-12.044,12.09,24.134,215.610318979266,215.57,83.4748325358852,1.99041626794259,40.2137001594896
27,9,2,MAIN_CORNERING_PART_1,EXIT_PARTIAL_LEG,283,558.068,560.888,2.82000000000005,-12.025,-1.014,-12.025,-1.014,11.011,213.98445229682,213.72,83.4718727915194,1.99137455830389,40.2187985865724
28,10,2,MAIN_CORNERING_PART_1,ENTRY_PARTIAL_LEG,295,582.738,585.678,2.93999999999994,1.02,12.056,1.02,12.208,11.188,1082.84216949153,1083.57,83.5509152542373,1.98988474576271,40.2004406779661
29,10,2,MAIN_CORNERING_PART_1,FULL_CENTRAL_SWEEP_RAW,627,585.678,591.938,6.25999999999999,12.056,-12.012,-12.205,12.056,24.261,1100.49256778309,1101.32,83.4532216905901,1.99066666666667,40.2162360446571
30,10,2,MAIN_CORNERING_PART_1,EXIT_PARTIAL_LEG,280,591.938,594.727,2.78899999999999,-12.012,-1.034,-12.012,-1.034,10.978,1124.67778571429,1123.23,83.0067857142857,1.99107142857143,40.22775
31,11,2,MAIN_CORNERING_PART_1,ENTRY_PARTIAL_LEG,294,616.507,619.437,2.93000000000006,1.012,12.114,1.012,12.157,11.145,431.89156462585,431.3,83.7093537414966,1.99530272108844,40.2114285714286
32,11,2,MAIN_CORNERING_PART_1,FULL_CENTRAL_SWEEP_RAW,627,619.437,625.697,6.25999999999999,12.114,-12.037,-12.107,12.114,24.221,437.868357256778,438.33,83.3651515151515,1.99468261562999,40.2173684210526
33,11,2,MAIN_CORNERING_PART_1,EXIT_PARTIAL_LEG,282,625.697,628.507,2.80999999999995,-12.037,-1.036,-12.037,-1.036,11.001,442.535815602837,442.36,83.3878368794326,1.99397163120567,40.2225886524823
34,12,2,MAIN_CORNERING_PART_1,ENTRY_PARTIAL_LEG,295,650.326,653.266,2.93999999999994,1.014,12.091,1.014,12.202,11.188,852.856610169492,854.58,83.8925423728813,3.99311186440678,40.2045423728814
35,12,2,MAIN_CORNERING_PART_1,FULL_CENTRAL_SWEEP_RAW,627,653.266,659.526,6.25999999999999,12.091,-12.005,-12.15,12.091,24.241,882.102711323764,881.46,83.3791866028708,3.99241307814992,40.2149920255183
36,12,2,MAIN_CORNERING_PART_1,EXIT_PARTIAL_LEG,280,659.526,662.316,2.79000000000008,-12.005,-1.041,-12.005,-1.041,10.964,899.636964285714,899.13,83.2134285714286,3.99358571428572,40.2257857142857
37,13,2,MAIN_CORNERING_PART_1,ENTRY_PARTIAL_LEG,295,684.115,687.055,2.93999999999994,1.013,12.099,1.013,12.191,11.178,648.779288135593,650.06,83.4250847457627,3.99185762711865,40.2153559322034
38,13,2,MAIN_CORNERING_PART_1,FULL_CENTRAL_SWEEP_RAW,626,687.055,693.305,6.25,12.099,-12.026,-12.099,12.099,24.198,671.072747603834,671.615,83.5446006389777,3.99234664536741,40.2164376996805
39,13,2,MAIN_CORNERING_PART_1,EXIT_PARTIAL_LEG,281,693.305,696.105,2.80000000000007,-12.026,-1.029,-12.026,-1.029,10.997,680.946761565836,679.91,83.1610320284698,3.99272241992883,40.2193238434164
40,14,2,MAIN_CORNERING_PART_1,ENTRY_PARTIAL_LEG,293,717.884,720.804,2.91999999999996,1.003,12.092,1.003,12.107,11.104,212.26590443686,212.74,83.1995221843003,3.99372354948806,40.2083276450512
41,14,2,MAIN_CORNERING_PART_1,FULL_CENTRAL_SWEEP_RAW,626,720.804,727.054,6.25,12.092,-12.038,-12.038,12.092,24.13,219.97,219.59,83.4916613418531,3.99240734824281,40.2151916932907
42,14,2,MAIN_CORNERING_PART_1,EXIT_PARTIAL_LEG,285,727.054,729.894,2.84000000000003,-12.038,-1.003,-12.042,-1.003,11.039,216.940175438596,216.5,83.4248070175439,3.9926701754386,40.211649122807
43,15,2,MAIN_CORNERING_PART_1,ENTRY_PARTIAL_LEG,295,751.734,754.673,2.93899999999996,1.052,12.087,1.052,12.213,11.161,1079.39101694915,1081.18,83.6217966101695,3.98994576271187,40.2070847457627
44,15,2,MAIN_CORNERING_PART_1,FULL_CENTRAL_SWEEP_RAW,627,754.673,760.933,6.25999999999999,12.087,-12.007,-12.173,12.087,24.26,1108.17912280702,1107.05,83.4124242424243,3.98968899521531,40.2153429027113
45,15,2,MAIN_CORNERING_PART_1,EXIT_PARTIAL_LEG,280,760.933,763.723,2.78999999999996,-12.007,-1.03,-12.007,-1.03,10.977,1130.533,1129.03,82.9775,3.99030357142857,40.2209642857143
46,16,2,MAIN_CORNERING_PART_1,ENTRY_PARTIAL_LEG,295,785.503,788.443,2.93999999999994,1.041,12.086,1.041,12.144,11.103,429.365661016949,429.61,83.2736949152543,3.99302033898305,40.2176271186441
47,16,2,MAIN_CORNERING_PART_1,FULL_CENTRAL_SWEEP_RAW,625,788.443,794.682,6.23900000000003,12.086,-12.041,-12.041,12.086,24.127,445.41896,446.16,83.441952,3.9925904,40.217344
48,16,2,MAIN_CORNERING_PART_1,EXIT_PARTIAL_LEG,283,794.682,797.502,2.81999999999994,-12.041,-1.005,-12.041,-1.005,11.036,448.315865724382,448.37,83.4518021201414,3.99321908127209,40.2171024734982
49,17,2,MAIN_CORNERING_PART_1,ENTRY_PARTIAL_LEG,296,885.63,888.58,2.95000000000005,1.025,12.045,1.025,12.214,11.189,1091.64243243243,1091.935,69.8599662162162,-0.00439527027027027,40.2041554054054
50,17,2,MAIN_CORNERING_PART_1,FULL_CENTRAL_SWEEP_RAW,626,888.58,894.83,6.25,12.045,-12.052,-12.22,12.045,24.265,1092.66835463259,1095.71,69.5337380191694,-0.0045111821086262,40.2162460063897
51,17,2,MAIN_CORNERING_PART_1,EXIT_PARTIAL_LEG,281,894.83,897.63,2.79999999999995,-12.052,-1.029,-12.052,-1.029,11.023,1124.68238434164,1123.58,69.443024911032,-0.00473309608540925,40.2287900355872
52,18,2,MAIN_CORNERING_PART_1,ENTRY_PARTIAL_LEG,297,919.419,922.379,2.96000000000004,1.001,12.038,1.001,12.22,11.219,877.829562289562,877,69.8073737373737,-0.0051952861952862,40.206430976431
53,18,2,MAIN_CORNERING_PART_1,FULL_CENTRAL_SWEEP_RAW,626,922.379,928.629,6.25,12.038,-12.03,-12.191,12.038,24.229,875.045335463259,876.735,69.6385942492013,-0.00446485623003195,40.2191853035144
54,18,2,MAIN_CORNERING_PART_1,EXIT_PARTIAL_LEG,280,928.629,931.419,2.78999999999996,-12.03,-1.019,-12.03,-1.019,11.011,898.864607142857,896.825,69.5058571428572,-0.00585714285714286,40.2327142857143
55,19,2,MAIN_CORNERING_PART_1,ENTRY_PARTIAL_LEG,295,953.219,956.159,2.93999999999994,1.021,12.096,1.021,12.207,11.186,658.557186440678,656.93,69.7125762711865,-0.00448813559322034,40.2025423728814
56,19,2,MAIN_CORNERING_PART_1,FULL_CENTRAL_SWEEP_RAW,627,956.159,962.418,6.25900000000001,12.096,-12.036,-12.162,12.096,24.258,652.134992025518,653.35,69.66331738437,-0.00437639553429027,40.2160127591706
57,19,2,MAIN_CORNERING_PART_1,EXIT_PARTIAL_LEG,281,962.418,965.218,2.79999999999995,-12.036,-1.029,-12.036,-1.029,11.007,666.780213523132,666.74,69.615231316726,-0.00374021352313167,40.2198932384342
58,20,2,MAIN_CORNERING_PART_1,ENTRY_PARTIAL_LEG,293,986.998,989.918,2.91999999999996,1.021,12.056,1.021,12.107,11.086,216.777645051194,216.37,69.6672696245734,-4.43686006825938e-05,40.2114675767918
59,20,2,MAIN_CORNERING_PART_1,FULL_CENTRAL_SWEEP_RAW,625,989.918,996.157,6.23900000000003,12.056,-12.042,-12.064,12.06,24.124,205.908512,206.11,69.663168,-0.0003232,40.218016
60,20,2,MAIN_CORNERING_PART_1,EXIT_PARTIAL_LEG,284,996.157,998.987,2.82999999999993,-12.042,-1.014,-12.052,-1.014,11.038,203.772535211268,202.59,69.5299295774648,0.000362676056338029,40.2207746478873
61,21,2,MAIN_CORNERING_PART_1,ENTRY_PARTIAL_LEG,296,1020.827,1023.777,2.95000000000005,1.03,12.04,1.03,12.216,11.186,1083.61483108108,1085.31,70.0003378378378,0.000486486486486487,40.2085472972973
62,21,2,MAIN_CORNERING_PART_1,FULL_CENTRAL_SWEEP_RAW,626,1023.777,1030.026,6.24900000000002,12.04,-12.019,-12.216,12.04,24.256,1089.0707028754,1092.89,69.5402076677316,-0.000821086261980831,40.2212619808307
63,21,2,MAIN_CORNERING_PART_1,EXIT_PARTIAL_LEG,280,1030.026,1032.816,2.78999999999996,-12.019,-1.04,-12.019,-1.04,10.979,1119.91935714286,1118.83,69.4727857142857,-0.00188571428571429,40.2273214285714
64,22,2,MAIN_CORNERING_PART_1,ENTRY_PARTIAL_LEG,295,1054.604,1057.544,2.94000000000005,1.036,12.045,1.036,12.171,11.135,438.618169491525,436.63,69.8252203389831,-0.00479661016949153,40.2080338983051
65,22,2,MAIN_CORNERING_PART_1,FULL_CENTRAL_SWEEP_RAW,626,1057.544,1063.794,6.25,12.045,-12.061,-12.117,12.045,24.162,429.438450479233,430.895,69.6017731629393,-0.00420926517571885,40.2241054313099
66,22,2,MAIN_CORNERING_PART_1,EXIT_PARTIAL_LEG,282,1063.794,1066.604,2.80999999999995,-12.061,-1.015,-12.061,-1.015,11.046,436.908156028369,436.57,69.5885815602837,-0.00249290780141844,40.2325177304965
67,23,2,MAIN_CORNERING_PART_1,ENTRY_PARTIAL_LEG,297,1088.412,1091.372,2.96000000000004,1.006,12.06,1.006,12.234,11.228,854.832693602694,856.09,69.8677777777778,1.99506397306397,40.2265993265993
68,23,2,MAIN_CORNERING_PART_1,FULL_CENTRAL_SWEEP_RAW,626,1091.372,1097.621,6.24900000000002,12.06,-12.029,-12.197,12.06,24.257,872.954504792332,874.24,69.6521086261981,1.99543610223642,40.2194408945687
69,23,2,MAIN_CORNERING_PART_1,EXIT_PARTIAL_LEG,280,1097.621,1100.411,2.78999999999996,-12.029,-1.031,-12.029,-1.031,10.998,894.572428571429,893.915,69.4410357142857,1.99426785714286,40.2334285714286
70,24,2,MAIN_CORNERING_PART_1,ENTRY_PARTIAL_LEG,295,1122.21,1125.149,2.93899999999985,1.042,12.105,1.042,12.22,11.178,649.186033898305,649.7,69.7728474576272,1.99457966101695,40.2115593220339
71,24,2,MAIN_CORNERING_PART_1,FULL_CENTRAL_SWEEP_RAW,625,1125.149,1131.389,6.24000000000001,12.105,-12.078,-12.156,12.105,24.261,662.132624,662.25,69.674176,1.9938144,40.224912
72,24,2,MAIN_CORNERING_PART_1,EXIT_PARTIAL_LEG,282,1131.389,1134.199,2.81000000000017,-12.078,-1.042,-12.078,-1.042,11.036,676.465,675.875,69.5806737588653,1.99298581560284,40.2305319148936
73,25,2,MAIN_CORNERING_PART_1,ENTRY_PARTIAL_LEG,293,1155.977,1158.897,2.91999999999985,1.046,12.108,1.046,12.133,11.087,209.559419795222,209.42,69.6469965870307,1.99384982935154,40.2196245733788
74,25,2,MAIN_CORNERING_PART_1,FULL_CENTRAL_SWEEP_RAW,627,1158.897,1165.156,6.25900000000001,12.108,-12.021,-12.052,12.108,24.16,214.136523125997,214.61,69.6815151515152,1.99469059011164,40.2197129186603
75,25,2,MAIN_CORNERING_PART_1,EXIT_PARTIAL_LEG,283,1165.156,1167.976,2.82000000000016,-12.021,-1.008,-12.021,-1.008,11.013,211.73890459364,211.04,69.7019787985866,1.99191519434629,40.2184098939929
76,26,2,MAIN_CORNERING_PART_1,ENTRY_PARTIAL_LEG,295,1189.815,1192.755,2.94000000000005,1.031,12.074,1.031,12.216,11.185,1077.98386440678,1080.35,69.9597627118644,1.98960338983051,40.2031525423729
77,26,2,MAIN_CORNERING_PART_1,FULL_CENTRAL_SWEEP_RAW,628,1192.755,1199.024,6.26899999999978,12.074,-11.987,-12.21,12.074,24.284,1099.03748407643,1098.015,69.6528343949045,1.99013853503185,40.2152070063694
78,26,2,MAIN_CORNERING_PART_1,EXIT_PARTIAL_LEG,280,1199.024,1201.814,2.79000000000019,-11.987,-1.013,-11.987,-1.013,10.974,1128.67003571429,1129.33,69.39975,1.99108214285714,40.2200357142857
79,27,2,MAIN_CORNERING_PART_1,ENTRY_PARTIAL_LEG,295,1223.582,1226.522,2.93999999999983,1.005,12.123,1.005,12.173,11.168,429.560033898305,428.76,69.7131525423729,1.98951525423729,40.2192881355932
80,27,2,MAIN_CORNERING_PART_1,FULL_CENTRAL_SWEEP_RAW,627,1226.522,1232.782,6.25999999999999,12.123,-12.023,-12.098,12.123,24.221,437.541642743222,438.26,69.6870972886762,1.99056299840511,40.21668261563
81,27,2,MAIN_CORNERING_PART_1,EXIT_PARTIAL_LEG,281,1232.782,1235.581,2.79899999999998,-12.023,-1.016,-12.023,-1.016,11.007,444.369608540925,443.62,69.616334519573,1.99012099644128,40.2338078291815
82,28,2,MAIN_CORNERING_PART_1,ENTRY_PARTIAL_LEG,295,1257.41,1260.35,2.93999999999983,1.054,12.066,1.054,12.214,11.16,849.507559322034,851.58,69.8482372881356,3.99221016949153,40.1952542372881
83,28,2,MAIN_CORNERING_PART_1,FULL_CENTRAL_SWEEP_RAW,626,1260.35,1266.599,6.24900000000002,12.066,-12.042,-12.188,12.066,24.254,880.90356230032,879.455,69.6662939297125,3.99280511182109,40.223785942492
84,28,2,MAIN_CORNERING_PART_1,EXIT_PARTIAL_LEG,281,1266.599,1269.399,2.79999999999995,-12.042,-1.008,-12.042,-1.008,11.034,902.183024911032,901.28,69.3688612099644,3.99174377224199,40.2311743772242
85,29,2,MAIN_CORNERING_PART_1,ENTRY_PARTIAL_LEG,296,1291.187,1294.137,2.95000000000005,1.004,12.091,1.004,12.189,11.185,646.400574324324,649.155,69.5808445945946,3.98928040540541,40.2135810810811
86,29,2,MAIN_CORNERING_PART_1,FULL_CENTRAL_SWEEP_RAW,626,1294.137,1300.387,6.25,12.091,-12.027,-12.137,12.091,24.228,669.230686900958,668.965,69.7512460063898,3.99013738019169,40.2246006389776
87,29,2,MAIN_CORNERING_PART_1,EXIT_PARTIAL_LEG,281,1300.387,1303.187,2.79999999999995,-12.027,-1.013,-12.027,-1.013,11.014,683.71103202847,683.65,69.357615658363,3.9886334519573,40.2228113879004
88,30,2,MAIN_CORNERING_PART_1,ENTRY_PARTIAL_LEG,294,1324.955,1327.885,2.93000000000006,1.026,12.116,1.026,12.127,11.101,209.918911564626,210.38,69.7833673469388,3.99279591836735,40.2175510204082
89,30,2,MAIN_CORNERING_PART_1,FULL_CENTRAL_SWEEP_RAW,626,1327.885,1334.134,6.24900000000002,12.116,-12.005,-12.015,12.116,24.131,219.146980830671,218.985,69.6903833865815,3.99235623003195,40.2282587859425
90,30,2,MAIN_CORNERING_PART_1,EXIT_PARTIAL_LEG,282,1334.134,1336.944,2.80999999999995,-12.005,-1.053,-12.005,-1.053,10.952,215.659007092199,215.24,69.6870921985816,3.99285106382979,40.2287588652482
91,31,2,MAIN_CORNERING_PART_1,ENTRY_PARTIAL_LEG,295,1358.802,1361.742,2.94000000000005,1.019,12.053,1.019,12.192,11.173,1073.62091525424,1077.13,69.8976610169492,3.98945423728814,40.2092881355932
92,31,2,MAIN_CORNERING_PART_1,FULL_CENTRAL_SWEEP_RAW,627,1361.742,1368.002,6.25999999999999,12.053,-12.022,-12.201,12.053,24.254,1105.21677830941,1102.72,69.6339234449761,3.9894625199362,40.2225996810207
93,31,2,MAIN_CORNERING_PART_1,EXIT_PARTIAL_LEG,281,1368.002,1370.802,2.79999999999995,-12.022,-1.002,-12.022,-1.002,11.02,1137.49551601423,1141.98,69.3807473309608,3.98939145907473,40.2250177935943
94,32,2,MAIN_CORNERING_PART_1,ENTRY_PARTIAL_LEG,295,1392.56,1395.5,2.94000000000005,1.023,12.116,1.023,12.163,11.14,428.468101694915,428.92,69.5943389830509,3.99262711864407,40.2165423728814
95,32,2,MAIN_CORNERING_PART_1,FULL_CENTRAL_SWEEP_RAW,625,1395.5,1401.739,6.23900000000003,12.116,-12.035,-12.062,12.116,24.178,445.739552,445.6,69.676656,3.9929296,40.220624
96,32,2,MAIN_CORNERING_PART_1,EXIT_PARTIAL_LEG,282,1401.739,1404.549,2.80999999999995,-12.035,-1.038,-12.035,-1.038,10.997,449.99695035461,449.68,69.6428368794326,3.99253191489362,40.2229432624114
97,33,2,MAIN_CORNERING_PART_1,ENTRY_PARTIAL_LEG,297,1492.673,1495.633,2.96000000000004,1.007,12.054,1.007,12.198,11.191,1096.33818181818,1095.48,97.479595959596,-0.00504713804713805,40.2237037037037
98,33,2,MAIN_CORNERING_PART_1,FULL_CENTRAL_SWEEP_RAW,625,1495.633,1501.872,6.23900000000003,12.054,-12.035,-12.156,12.054,24.21,1090.120096,1091.41,97.188432,-0.0048368,40.217552
99,33,2,MAIN_CORNERING_PART_1,EXIT_PARTIAL_LEG,282,1501.872,1504.682,2.80999999999995,-12.035,-1.009,-12.035,-1.009,11.026,1114.14546099291,1113.7,97.0433333333334,-0.00522340425531915,40.237695035461
100,34,2,MAIN_CORNERING_PART_1,ENTRY_PARTIAL_LEG,295,1526.47,1529.41,2.94000000000005,1.007,12.085,1.007,12.176,11.169,879.81813559322,878.87,97.2673559322034,-0.00449491525423729,40.2062033898305
101,34,2,MAIN_CORNERING_PART_1,FULL_CENTRAL_SWEEP_RAW,626,1529.41,1535.66,6.25,12.085,-12.052,-12.131,12.085,24.216,871.9246485623,872.83,97.1741214057508,-0.00422683706070288,40.2219808306709
102,34,2,MAIN_CORNERING_PART_1,EXIT_PARTIAL_LEG,282,1535.66,1538.469,2.80899999999997,-12.052,-1.014,-12.052,-1.014,11.038,890.440390070922,889.68,97.0839007092198,-0.00445035460992908,40.2261347517731
103,35,2,MAIN_CORNERING_PART_1,ENTRY_PARTIAL_LEG,295,1560.258,1563.198,2.94000000000005,1.012,12.086,1.012,12.149,11.137,661.416949152542,658.9,97.2644406779661,-0.00564406779661017,40.2141016949153
104,35,2,MAIN_CORNERING_PART_1,FULL_CENTRAL_SWEEP_RAW,627,1563.198,1569.457,6.25900000000001,12.086,-12.011,-12.117,12.086,24.203,650.426156299841,651.63,97.2649122807017,-0.00477671451355662,40.2237639553429
105,35,2,MAIN_CORNERING_PART_1,EXIT_PARTIAL_LEG,281,1569.457,1572.257,2.79999999999995,-12.011,-1.023,-12.011,-1.023,10.988,662.719003558719,663.09,97.2053024911032,-0.00501779359430605,40.2314946619217
106,36,2,MAIN_CORNERING_PART_1,ENTRY_PARTIAL_LEG,292,1594.045,1596.955,2.90999999999985,1.043,12.071,1.043,12.101,11.058,220.534383561644,220.205,97.2025342465753,0.0029486301369863,40.2179794520548
107,36,2,MAIN_CORNERING_PART_1,FULL_CENTRAL_SWEEP_RAW,626,1596.955,1603.205,6.25,12.071,-12.017,-12.03,12.076,24.106,209.20250798722,208.93,97.1046645367412,0.00010223642172524,40.2196166134185
108,36,2,MAIN_CORNERING_PART_1,EXIT_PARTIAL_LEG,284,1603.205,1606.035,2.83000000000015,-12.017,-1.02,-12.029,-1.02,11.009,205.82676056338,204.72,97.0919366197183,-0.000961267605633803,40.227323943662
109,37,2,MAIN_CORNERING_PART_1,ENTRY_PARTIAL_LEG,295,1627.873,1630.813,2.94000000000005,1.035,12.082,1.035,12.18,11.145,1089.53640677966,1090.29,97.2697627118644,3.05084745762712e-05,40.2093220338983
110,37,2,MAIN_CORNERING_PART_1,FULL_CENTRAL_SWEEP_RAW,626,1630.813,1637.062,6.2489999999998,12.082,-12.012,-12.16,12.082,24.242,1085.94222044728,1085.165,97.2204472843451,-0.00139936102236422,40.2219808306709
111,37,2,MAIN_CORNERING_PART_1,EXIT_PARTIAL_LEG,281,1637.062,1639.862,2.80000000000018,-12.012,-1.043,-12.012,-1.043,10.969,1109.0724911032,1108.32,97.0744483985765,-0.00178291814946619,40.2329181494662
112,38,2,MAIN_CORNERING_PART_1,ENTRY_PARTIAL_LEG,294,1661.641,1664.57,2.92899999999986,1.007,12.109,1.007,12.124,11.117,441.900680272109,440.38,97.2018367346939,0.00135714285714286,40.2184013605442
113,38,2,MAIN_CORNERING_PART_1,FULL_CENTRAL_SWEEP_RAW,627,1664.57,1670.83,6.25999999999999,12.109,-12.044,-12.082,12.109,24.191,429.152503987241,428.96,97.17331738437,-0.00131578947368421,40.222966507177
114,38,2,MAIN_CORNERING_PART_1,EXIT_PARTIAL_LEG,282,1670.83,1673.64,2.81000000000017,-12.044,-1.053,-12.044,-1.053,10.991,434.511773049645,433.78,97.2035815602837,-0.000702127659574468,40.227304964539
115,39,2,MAIN_CORNERING_PART_1,ENTRY_PARTIAL_LEG,295,1695.458,1698.398,2.93999999999983,1.021,12.095,1.021,12.197,11.176,857.951186440678,857.48,97.238813559322,1.99443728813559,40.2122033898305
116,39,2,MAIN_CORNERING_PART_1,FULL_CENTRAL_SWEEP_RAW,626,1698.398,1704.647,6.24900000000002,12.095,-12.054,-12.111,12.095,24.206,871.809728434505,872.185,97.2543769968051,1.99382587859425,40.2231629392971
117,39,2,MAIN_CORNERING_PART_1,EXIT_PARTIAL_LEG,282,1704.647,1707.457,2.81000000000017,-12.054,-1.012,-12.054,-1.012,11.042,889.10695035461,888.595,97.0823758865248,1.99152482269504,40.2270567375887
118,40,2,MAIN_CORNERING_PART_1,ENTRY_PARTIAL_LEG,295,1729.246,1732.185,2.93899999999985,1.027,12.1,1.027,12.167,11.14,653.525186440678,651.83,97.2840677966101,1.99476610169491,40.213186440678
119,40,2,MAIN_CORNERING_PART_1,FULL_CENTRAL_SWEEP_RAW,625,1732.185,1738.425,6.24000000000001,12.1,-12.046,-12.084,12.1,24.184,660.324448,660.98,97.297136,1.9933488,40.228592
120,40,2,MAIN_CORNERING_PART_1,EXIT_PARTIAL_LEG,283,1738.425,1741.245,2.81999999999994,-12.046,-1.026,-12.046,-1.026,11.02,671.511307420495,671.02,97.0799293286219,1.99213427561837,40.2323674911661
121,41,2,MAIN_CORNERING_PART_1,ENTRY_PARTIAL_LEG,293,1763.023,1765.943,2.92000000000007,1.017,11.891,1.017,11.891,10.874,212.23976109215,212.59,97.1567576791809,1.99480887372014,40.2225255972696
122,41,2,MAIN_CORNERING_PART_1,FULL_CENTRAL_SWEEP_RAW,626,1765.943,1772.193,6.25,11.891,-12.01,-12.01,12.098,24.108,211.397875399361,211.085,97.2473003194888,1.99549041533546,40.2206389776358
123,41,2,MAIN_CORNERING_PART_1,EXIT_PARTIAL_LEG,284,1772.193,1775.022,2.82899999999995,-12.01,-1.019,-12.01,-1.019,10.991,210.182887323944,209.595,97.2092253521127,1.99541901408451,40.2277464788732
124,42,2,MAIN_CORNERING_PART_1,ENTRY_PARTIAL_LEG,295,1796.861,1799.801,2.93999999999983,1.055,12.059,1.055,12.192,11.137,1084.67084745763,1085.21,97.5208474576271,1.99375593220339,40.2078983050848
125,42,2,MAIN_CORNERING_PART_1,FULL_CENTRAL_SWEEP_RAW,626,1799.801,1806.05,6.24900000000002,12.059,-12.055,-12.151,12.059,24.21,1097.56015974441,1099.835,97.1495846645368,1.99308466453674,40.2220127795527
126,42,2,MAIN_CORNERING_PART_1,EXIT_PARTIAL_LEG,281,1806.05,1808.85,2.79999999999995,-12.055,-1.022,-12.055,-1.022,11.033,1118.1456227758,1117.42,96.9938434163701,1.99191814946619,40.2350177935943
127,43,2,MAIN_CORNERING_PART_1,ENTRY_PARTIAL_LEG,293,1830.628,1833.548,2.92000000000007,1.012,12.126,1.012,12.126,11.114,433.133037542662,432.98,97.137133105802,1.99220819112628,40.2153924914676
128,43,2,MAIN_CORNERING_PART_1,FULL_CENTRAL_SWEEP_RAW,628,1833.548,1839.818,6.26999999999998,12.126,-12.014,-12.069,12.126,24.195,437.173407643312,437.535,97.2970859872611,1.99273407643312,40.2193630573248
129,43,2,MAIN_CORNERING_PART_1,EXIT_PARTIAL_LEG,282,1839.818,1842.627,2.80899999999997,-12.014,-1.01,-12.014,-1.01,11.004,438.223581560284,437.66,97.2829078014184,1.99375531914894,40.2286524822695
130,44,2,MAIN_CORNERING_PART_1,ENTRY_PARTIAL_LEG,294,1864.446,1867.376,2.93000000000006,1.036,12.103,1.036,12.169,11.133,855.264013605442,856.715,97.0589455782313,3.99152040816327,40.2114285714286
131,44,2,MAIN_CORNERING_PART_1,FULL_CENTRAL_SWEEP_RAW,627,1867.376,1873.635,6.25900000000001,12.103,-12.028,-12.112,12.103,24.215,879.467687400319,880.04,97.1194736842105,3.99195534290271,40.2237958532695
132,44,2,MAIN_CORNERING_PART_1,EXIT_PARTIAL_LEG,282,1873.635,1876.445,2.80999999999995,-12.028,-1.005,-12.028,-1.005,11.023,893.360531914894,893.025,97.120390070922,3.99363475177305,40.2278014184397
133,45,2,MAIN_CORNERING_PART_1,ENTRY_PARTIAL_LEG,293,1898.233,1901.153,2.92000000000007,1.02,12.134,1.02,12.148,11.128,650.721467576792,649.49,97.3799658703072,3.98891126279864,40.2227986348123
134,45,2,MAIN_CORNERING_PART_1,FULL_CENTRAL_SWEEP_RAW,628,1901.153,1907.423,6.26999999999998,12.134,-12.011,-12.087,12.134,24.221,669.287468152866,669.72,97.1838057324841,3.98878503184714,40.2202229299363
135,45,2,MAIN_CORNERING_PART_1,EXIT_PARTIAL_LEG,282,1907.423,1910.233,2.80999999999995,-12.011,-1.005,-12.011,-1.005,11.006,676.607872340426,675.945,97.1433687943262,3.98943617021277,40.228475177305
136,46,2,MAIN_CORNERING_PART_1,ENTRY_PARTIAL_LEG,293,1932.001,1934.921,2.92000000000007,1.016,12.087,1.016,12.11,11.094,213.707133105802,214.11,97.1615358361774,3.99321501706485,40.2194539249147
137,46,2,MAIN_CORNERING_PART_1,FULL_CENTRAL_SWEEP_RAW,626,1934.921,1941.17,6.24900000000002,12.087,-11.992,-11.992,12.119,24.111,217.228690095847,216.48,97.2130990415335,3.99221405750799,40.2235782747604
138,46,2,MAIN_CORNERING_PART_1,EXIT_PARTIAL_LEG,284,1941.17,1944,2.82999999999993,-11.992,-1.022,-11.992,-1.022,10.97,214.256725352113,213.005,97.0719366197183,3.99377112676056,40.2383802816901
139,47,2,MAIN_CORNERING_PART_1,ENTRY_PARTIAL_LEG,295,1965.839,1968.778,2.93900000000008,1.03,12.079,1.03,12.179,11.149,1080.11484745763,1079.97,97.3431864406779,3.99173220338983,40.2036610169492
140,47,2,MAIN_CORNERING_PART_1,FULL_CENTRAL_SWEEP_RAW,627,1968.778,1975.038,6.25999999999999,12.079,-12.036,-12.131,12.079,24.21,1107.5329984051,1107.51,97.145629984051,3.99193620414673,40.2218660287081
141,47,2,MAIN_CORNERING_PART_1,EXIT_PARTIAL_LEG,281,1975.038,1977.838,2.79999999999995,-12.036,-1.022,-12.036,-1.022,11.014,1128.37647686833,1127.97,97.0418505338078,3.99264768683274,40.2298576512456
142,48,2,MAIN_CORNERING_PART_1,ENTRY_PARTIAL_LEG,294,1999.606,2002.536,2.93000000000006,1.039,12.145,1.033,12.145,11.112,429.078333333333,428.465,97.1750340136054,3.98978911564626,40.2165986394558
143,48,2,MAIN_CORNERING_PART_1,FULL_CENTRAL_SWEEP_RAW,627,2002.536,2008.795,6.25900000000001,12.145,-12.016,-12.029,12.145,24.174,443.644609250399,444.57,97.2446889952153,3.98919298245614,40.2241626794258
144,48,2,MAIN_CORNERING_PART_1,EXIT_PARTIAL_LEG,282,2008.795,2011.605,2.80999999999995,-12.016,-1.019,-12.016,-1.019,10.997,443.334042553191,442.35,97.183475177305,3.99045390070922,40.2244680851064
145,49,4,MAIN_CORNERING_PART_2,ENTRY_PARTIAL_LEG,296,109.22,112.17,2.95,1.001,12.128,1.001,12.199,11.198,1071.96304054054,1071.85,55.8304391891892,-0.0015472972972973,40.2014189189189
146,49,4,MAIN_CORNERING_PART_2,FULL_CENTRAL_SWEEP_RAW,628,112.17,118.44,6.27,12.128,-12.019,-12.158,12.128,24.286,1084.68170382166,1079.505,55.8832324840764,-0.00187738853503185,40.2116560509554
147,49,4,MAIN_CORNERING_PART_2,EXIT_PARTIAL_LEG,281,118.44,121.24,2.8,-12.019,-1,-12.019,-1,11.019,1119.86334519573,1117.39,55.7047330960854,-0.0018932384341637,40.2270462633452
148,50,4,MAIN_CORNERING_PART_2,ENTRY_PARTIAL_LEG,296,143.03,145.98,2.94999999999999,1.018,12.095,1.018,12.206,11.188,869.47625,868.89,56.0168243243243,0.000807432432432432,40.2040202702703
149,50,4,MAIN_CORNERING_PART_2,FULL_CENTRAL_SWEEP_RAW,627,145.98,152.24,6.26000000000002,12.095,-12.015,-12.163,12.095,24.258,870.611754385965,867.73,55.7984848484848,-0.00111323763955343,40.2161084529505
150,50,4,MAIN_CORNERING_PART_2,EXIT_PARTIAL_LEG,280,152.24,155.03,2.78999999999999,-12.015,-1.046,-12.015,-1.046,10.969,893.745678571428,892.655,55.8873214285714,-0.0008,40.23225
151,51,4,MAIN_CORNERING_PART_2,ENTRY_PARTIAL_LEG,297,176.82,179.78,2.96000000000001,1.011,12.091,1.011,12.199,11.188,654.229090909091,654.8,55.9337710437711,0.00154545454545455,40.2056565656566
152,51,4,MAIN_CORNERING_PART_2,FULL_CENTRAL_SWEEP_RAW,626,179.78,186.03,6.25,12.091,-12.04,-12.145,12.095,24.24,648.839137380192,646.99,55.876214057508,-0.00250319488817891,40.2143769968051
153,51,4,MAIN_CORNERING_PART_2,EXIT_PARTIAL_LEG,281,186.03,188.83,2.80000000000001,-12.04,-1.032,-12.04,-1.032,11.008,661.377829181495,660.91,55.8746975088968,-0.00219217081850534,40.2248042704626
154,52,4,MAIN_CORNERING_PART_2,ENTRY_PARTIAL_LEG,293,210.61,213.53,2.91999999999999,1.016,11.84,1.016,11.84,10.824,218.712354948805,216.92,55.9035836177475,-0.00139249146757679,40.2097610921502
155,52,4,MAIN_CORNERING_PART_2,FULL_CENTRAL_SWEEP_RAW,626,213.53,219.78,6.25,11.84,-12.065,-12.067,12.102,24.169,204.123674121406,204.945,55.8952555910543,-0.000333865814696485,40.2128434504792
156,52,4,MAIN_CORNERING_PART_2,EXIT_PARTIAL_LEG,284,219.78,222.61,2.83000000000001,-12.065,-1.029,-12.065,-1.029,11.036,200.879330985915,202.105,55.7978873239437,-0.000964788732394367,40.2077816901409
157,53,4,MAIN_CORNERING_PART_2,ENTRY_PARTIAL_LEG,296,244.43,247.38,2.94999999999999,1.044,12.109,1.044,12.203,11.159,1069.90287162162,1067.655,55.9548310810811,0.00140202702702703,40.2033783783784
158,53,4,MAIN_CORNERING_PART_2,FULL_CENTRAL_SWEEP_RAW,627,247.38,253.64,6.25999999999999,12.109,-12.027,-12.178,12.109,24.287,1087.42141945774,1082.56,55.8397448165869,0.0019377990430622,40.2139553429027
159,53,4,MAIN_CORNERING_PART_2,EXIT_PARTIAL_LEG,282,253.64,256.45,2.81,-12.027,-1,-12.027,-1,11.027,1125.55021276596,1124.49,55.7159929078014,0.00221276595744681,40.2274468085106
160,54,4,MAIN_CORNERING_PART_2,ENTRY_PARTIAL_LEG,295,278.23,281.17,2.94,1.027,12.121,1.027,12.184,11.157,435.110576271186,435.48,55.8988474576271,0.00182372881355932,40.2085084745763
161,54,4,MAIN_CORNERING_PART_2,FULL_CENTRAL_SWEEP_RAW,626,281.17,287.42,6.25,12.121,-12.037,-12.118,12.121,24.239,426.331821086262,426.24,55.8366293929713,0.00288498402555911,40.2131309904153
162,54,4,MAIN_CORNERING_PART_2,EXIT_PARTIAL_LEG,281,287.42,290.22,2.80000000000001,-12.037,-1.027,-12.037,-1.027,11.01,432.605978647687,433.5,55.8765480427046,0.00270462633451957,40.2186476868327
163,55,4,MAIN_CORNERING_PART_2,ENTRY_PARTIAL_LEG,294,312.04,314.97,2.93000000000001,1.032,12.111,1.032,12.182,11.15,847.810952380952,847.435,55.8829931972789,1.99477210884354,40.2138775510204
164,55,4,MAIN_CORNERING_PART_2,FULL_CENTRAL_SWEEP_RAW,629,314.97,321.25,6.27999999999997,12.111,-12.023,-12.201,12.111,24.312,869.944848966614,867.54,55.8786963434022,1.99445627980922,40.2105882352941
165,55,4,MAIN_CORNERING_PART_2,EXIT_PARTIAL_LEG,281,321.25,324.05,2.80000000000001,-12.023,-1.014,-12.023,-1.014,11.009,894.279964412811,893.2,55.7975444839858,1.99459074733096,40.2191459074733
166,56,4,MAIN_CORNERING_PART_2,ENTRY_PARTIAL_LEG,294,345.84,348.77,2.93000000000001,1.046,12.109,1.046,12.184,11.138,645.330170068027,644.115,55.9283333333333,1.99245918367347,40.2092857142857
167,56,4,MAIN_CORNERING_PART_2,FULL_CENTRAL_SWEEP_RAW,628,348.77,355.04,6.27000000000004,12.109,-12.024,-12.175,12.109,24.284,660.358630573248,659.8,55.9353184713376,1.99200955414013,40.2139968152866
168,56,4,MAIN_CORNERING_PART_2,EXIT_PARTIAL_LEG,280,355.04,357.83,2.78999999999996,-12.024,-1.044,-12.024,-1.044,10.98,672.704571428571,673.445,55.8496428571429,1.99077142857143,40.2224642857143
169,57,4,MAIN_CORNERING_PART_2,ENTRY_PARTIAL_LEG,293,379.61,382.53,2.91999999999996,1.048,12.129,1.048,12.136,11.088,208.41747440273,207.89,55.8884982935154,1.99381228668942,40.2090102389079
170,57,4,MAIN_CORNERING_PART_2,FULL_CENTRAL_SWEEP_RAW,627,382.53,388.79,6.26000000000005,12.129,-12.009,-12.033,12.129,24.162,210.960303030303,211.23,55.8482137161084,1.99401116427432,40.2160606060606
171,57,4,MAIN_CORNERING_PART_2,EXIT_PARTIAL_LEG,282,388.79,391.6,2.81,-12.009,-1.026,-12.009,-1.026,10.983,208.471382978723,208.5,55.9861347517731,1.99207092198582,40.2171985815603
172,58,4,MAIN_CORNERING_PART_2,ENTRY_PARTIAL_LEG,295,413.44,416.38,2.94,1.041,12.078,1.041,12.176,11.135,1066.56549152542,1064.22,55.9525084745763,1.99223728813559,40.2056271186441
173,58,4,MAIN_CORNERING_PART_2,FULL_CENTRAL_SWEEP_RAW,626,416.38,422.63,6.25,12.078,-12.094,-12.206,12.078,24.284,1093.21899361022,1087.62,55.9597124600639,1.99346325878594,40.2156709265175
174,58,4,MAIN_CORNERING_PART_2,EXIT_PARTIAL_LEG,282,422.63,425.44,2.81,-12.094,-1.063,-12.094,-1.063,11.031,1139.81482269504,1144.75,55.7231560283688,1.9913865248227,40.2201418439716
175,59,4,MAIN_CORNERING_PART_2,ENTRY_PARTIAL_LEG,296,447.22,450.17,2.94999999999999,1.025,12.095,1.025,12.182,11.157,426.977027027027,424.965,55.8149662162162,1.99101689189189,40.2107094594595
176,59,4,MAIN_CORNERING_PART_2,FULL_CENTRAL_SWEEP_RAW,626,450.17,456.42,6.25,12.095,-12.03,-12.11,12.095,24.205,436.063977635783,438.025,55.8731309904154,1.9902124600639,40.213338658147
177,59,4,MAIN_CORNERING_PART_2,EXIT_PARTIAL_LEG,281,456.42,459.22,2.80000000000001,-12.03,-1.046,-12.03,-1.046,10.984,438.727971530249,439.54,55.8638790035587,1.99018861209964,40.2174377224199
178,60,4,MAIN_CORNERING_PART_2,ENTRY_PARTIAL_LEG,294,481.05,483.98,2.93000000000001,1.037,12.047,1.037,12.147,11.11,840.074863945578,841.16,56.0206802721088,3.99254081632653,40.2071768707483
179,60,4,MAIN_CORNERING_PART_2,FULL_CENTRAL_SWEEP_RAW,627,483.98,490.24,6.25999999999999,12.047,-12.062,-12.216,12.047,24.263,876.973668261563,874.21,55.8375119617225,3.99225518341308,40.2165390749601
180,60,4,MAIN_CORNERING_PART_2,EXIT_PARTIAL_LEG,282,490.24,493.05,2.81,-12.062,-1.035,-12.062,-1.035,11.027,903.858014184397,902.19,55.7568439716312,3.99169858156028,40.2154964539007
181,61,4,MAIN_CORNERING_PART_2,ENTRY_PARTIAL_LEG,294,514.839,517.769,2.92999999999995,1.06,12.071,1.06,12.14,11.08,637.946020408163,638.26,55.9303401360544,3.99157482993197,40.21
182,61,4,MAIN_CORNERING_PART_2,FULL_CENTRAL_SWEEP_RAW,627,517.769,524.029,6.25999999999999,12.071,-12.065,-12.169,12.073,24.242,666.992248803828,667.66,55.888947368421,3.99196650717704,40.2187081339713
183,61,4,MAIN_CORNERING_PART_2,EXIT_PARTIAL_LEG,282,524.029,526.839,2.81000000000006,-12.065,-1.004,-12.065,-1.004,11.061,678.269858156028,678.985,55.7102127659575,3.99063120567376,40.2168794326241
184,62,4,MAIN_CORNERING_PART_2,ENTRY_PARTIAL_LEG,295,548.579,551.518,2.93900000000008,1.005,11.949,1.005,11.949,10.944,204.908745762712,206.22,55.9660677966102,3.99058644067797,40.2150508474576
185,62,4,MAIN_CORNERING_PART_2,FULL_CENTRAL_SWEEP_RAW,626,551.518,557.768,6.25,11.949,-11.969,-11.982,12.126,24.108,215.942651757188,216.485,55.9070127795527,3.99156230031949,40.2195047923323
186,62,4,MAIN_CORNERING_PART_2,EXIT_PARTIAL_LEG,283,557.768,560.588,2.81999999999994,-11.969,-1.014,-11.969,-1.014,10.955,210.257561837456,210.68,55.7821908127208,3.99245229681979,40.2227208480566
187,63,4,MAIN_CORNERING_PART_2,ENTRY_PARTIAL_LEG,295,582.438,585.378,2.94000000000005,1.001,12.046,1.001,12.169,11.168,1067.04244067797,1065.18,56.0456271186441,3.99219322033898,40.1995254237288
188,63,4,MAIN_CORNERING_PART_2,FULL_CENTRAL_SWEEP_RAW,627,585.378,591.638,6.25999999999999,12.046,-12.078,-12.207,12.046,24.253,1099.64515151515,1093.47,55.7925358851675,3.99277671451356,40.2179266347687
189,63,4,MAIN_CORNERING_PART_2,EXIT_PARTIAL_LEG,282,591.638,594.447,2.80899999999997,-12.078,-1.018,-12.078,-1.018,11.06,1151.98067375887,1159.415,55.7989007092199,3.99172695035461,40.2310992907801
190,64,4,MAIN_CORNERING_PART_2,ENTRY_PARTIAL_LEG,294,616.207,619.137,2.92999999999995,1.017,12.154,1.017,12.157,11.14,421.466224489796,420.94,55.9744557823129,3.9918537414966,40.2148639455782
191,64,4,MAIN_CORNERING_PART_2,FULL_CENTRAL_SWEEP_RAW,628,619.137,625.407,6.2700000000001,12.154,-12.024,-12.078,12.154,24.232,442.458455414013,441.9,55.8856528662421,3.99258121019108,40.2147133757962
192,64,4,MAIN_CORNERING_PART_2,EXIT_PARTIAL_LEG,282,625.407,628.217,2.80999999999995,-12.024,-1.013,-12.024,-1.013,11.011,441.569716312057,441.975,55.8360638297872,3.99190425531915,40.2193971631206
193,65,4,RUN4_12PSI_OR_REPEAT,ENTRY_PARTIAL_LEG,295,721.424,724.364,2.94000000000005,1,12.081,1,12.176,11.176,1091.46010169492,1090.72,83.8297288135593,-0.00179661016949153,40.2009152542373
194,65,4,RUN4_12PSI_OR_REPEAT,FULL_CENTRAL_SWEEP_RAW,627,724.364,730.624,6.25999999999999,12.081,-12.025,-12.157,12.081,24.238,1086.59444976077,1085.57,83.3877990430622,-0.00158054226475279,40.2172089314194
195,65,4,RUN4_12PSI_OR_REPEAT,EXIT_PARTIAL_LEG,281,730.624,733.424,2.79999999999995,-12.025,-1.043,-12.025,-1.043,10.982,1113.28316725979,1110.06,83.223487544484,-0.00169395017793594,40.2267615658363
196,66,4,RUN4_12PSI_OR_REPEAT,ENTRY_PARTIAL_LEG,294,755.223,758.153,2.93000000000006,1.03,12.128,1.03,12.183,11.153,878.589795918367,878.425,83.6428231292517,-0.00303061224489796,40.2046258503401
197,66,4,RUN4_12PSI_OR_REPEAT,FULL_CENTRAL_SWEEP_RAW,627,758.153,764.413,6.25999999999999,12.128,-12.042,-12.116,12.128,24.244,871.406236044657,870.4,83.3899362041467,-0.00210845295055821,40.2162679425837
198,66,4,RUN4_12PSI_OR_REPEAT,EXIT_PARTIAL_LEG,282,764.413,767.223,2.80999999999995,-12.042,-1.022,-12.042,-1.022,11.02,890.464113475177,890.3,83.3499645390071,-0.00214893617021277,40.222304964539
199,67,4,RUN4_12PSI_OR_REPEAT,ENTRY_PARTIAL_LEG,295,789.013,791.953,2.93999999999994,1.018,12.112,1.018,12.163,11.145,658.854677966102,658.78,83.3869152542373,-0.00152203389830508,40.2093220338983
200,67,4,RUN4_12PSI_OR_REPEAT,FULL_CENTRAL_SWEEP_RAW,627,791.953,798.212,6.25900000000001,12.112,-12.006,-12.094,12.112,24.206,649.287990430622,648.64,83.4531259968102,-0.00125996810207337,40.2205263157895
201,67,4,RUN4_12PSI_OR_REPEAT,EXIT_PARTIAL_LEG,281,798.212,801.012,2.79999999999995,-12.006,-1.042,-12.006,-1.042,10.964,661.004306049822,661.53,83.4013167259786,-0.00214946619217082,40.2339501779359
202,68,4,RUN4_12PSI_OR_REPEAT,ENTRY_PARTIAL_LEG,292,822.802,825.712,2.90999999999997,1.04,12.092,1.04,12.108,11.068,216.617602739726,216.545,83.5406164383562,0.000541095890410959,40.2113356164383
203,68,4,RUN4_12PSI_OR_REPEAT,FULL_CENTRAL_SWEEP_RAW,627,825.712,831.972,6.25999999999999,12.092,-12.012,-12.034,12.108,24.142,205.080526315789,206.69,83.428692185008,-0.000811802232854864,40.217033492823
204,68,4,RUN4_12PSI_OR_REPEAT,EXIT_PARTIAL_LEG,283,831.972,834.792,2.82000000000005,-12.012,-1.026,-12.012,-1.026,10.986,202.066113074205,202.65,83.4793639575972,-0.000720848056537103,40.2197526501767
205,69,4,RUN4_12PSI_OR_REPEAT,ENTRY_PARTIAL_LEG,296,856.611,859.561,2.95000000000005,1.012,12.099,1.012,12.175,11.163,1089.01415540541,1088.525,83.6489864864865,-0.00156081081081081,40.2015540540541
206,69,4,RUN4_12PSI_OR_REPEAT,FULL_CENTRAL_SWEEP_RAW,627,859.561,865.821,6.25999999999999,12.099,-12.02,-12.126,12.099,24.225,1086.12035087719,1083.89,83.3933173843701,-0.00170334928229665,40.2141786283891
207,69,4,RUN4_12PSI_OR_REPEAT,EXIT_PARTIAL_LEG,280,865.821,868.611,2.78999999999996,-12.02,-1.048,-12.02,-1.048,10.972,1111.647,1110.625,83.1737857142857,-0.00276428571428571,40.22825
208,70,4,RUN4_12PSI_OR_REPEAT,ENTRY_PARTIAL_LEG,294,890.41,893.34,2.93000000000006,1.023,12.087,1.023,12.136,11.113,440.401530612245,438.77,83.4543197278912,-0.0064795918367347,40.218231292517
209,70,4,RUN4_12PSI_OR_REPEAT,FULL_CENTRAL_SWEEP_RAW,626,893.34,899.59,6.25,12.087,-12.033,-12.087,12.087,24.174,428.873546325879,429.59,83.43803514377,-0.00561182108626198,40.2172044728434
210,70,4,RUN4_12PSI_OR_REPEAT,EXIT_PARTIAL_LEG,283,899.59,902.41,2.81999999999994,-12.033,-1.007,-12.033,-1.007,11.026,434.226431095406,435.46,83.3437809187279,-0.00453710247349823,40.2195759717314
211,71,4,RUN4_12PSI_OR_REPEAT,ENTRY_PARTIAL_LEG,294,924.219,927.149,2.92999999999995,1.047,12.12,1.047,12.175,11.128,855.948265306122,856.16,83.6549319727891,1.99477551020408,40.207925170068
212,71,4,RUN4_12PSI_OR_REPEAT,FULL_CENTRAL_SWEEP_RAW,627,927.149,933.409,6.25999999999999,12.12,-12.053,-12.122,12.12,24.242,868.035438596491,868.5,83.3736204146731,1.99338118022329,40.2175119617225
213,71,4,RUN4_12PSI_OR_REPEAT,EXIT_PARTIAL_LEG,282,933.409,936.219,2.81000000000006,-12.053,-1.021,-12.053,-1.021,11.032,885.711170212766,886.295,83.2395390070922,1.99445390070922,40.2296453900709
214,72,4,RUN4_12PSI_OR_REPEAT,ENTRY_PARTIAL_LEG,295,957.998,960.938,2.93999999999994,1.007,12.13,1.007,12.176,11.169,650.859898305085,649.51,83.5610847457627,1.99289491525424,40.2189491525424
215,72,4,RUN4_12PSI_OR_REPEAT,FULL_CENTRAL_SWEEP_RAW,627,960.938,967.198,6.25999999999999,12.13,-12.028,-12.083,12.13,24.213,659.714114832536,661.04,83.4345135566188,1.99205901116428,40.2253110047847
216,72,4,RUN4_12PSI_OR_REPEAT,EXIT_PARTIAL_LEG,282,967.198,970.008,2.81000000000006,-12.028,-1.021,-12.028,-1.021,11.007,670.537163120567,670.945,83.2983687943263,1.99068439716312,40.2265602836879
217,73,4,RUN4_12PSI_OR_REPEAT,ENTRY_PARTIAL_LEG,293,991.788,994.708,2.91999999999996,1.045,11.899,1.045,11.899,10.854,210.986689419795,211.13,83.5946075085324,1.99288054607509,40.2123208191126
218,73,4,RUN4_12PSI_OR_REPEAT,FULL_CENTRAL_SWEEP_RAW,627,994.708,1000.967,6.25900000000001,11.899,-11.999,-12.014,12.125,24.139,210.461578947368,210.93,83.4252472089314,1.99278628389155,40.2150717703349
219,73,4,RUN4_12PSI_OR_REPEAT,EXIT_PARTIAL_LEG,283,1000.967,1003.787,2.82000000000005,-11.999,-1.039,-11.999,-1.036,10.963,208.902438162544,209.46,83.4434628975265,1.99178091872792,40.216925795053
220,74,4,RUN4_12PSI_OR_REPEAT,ENTRY_PARTIAL_LEG,295,1025.617,1028.556,2.93900000000008,1.035,12.082,1.035,12.167,11.132,1083.8693220339,1083.09,83.7689152542373,1.9934779661017,40.2020338983051
221,74,4,RUN4_12PSI_OR_REPEAT,FULL_CENTRAL_SWEEP_RAW,627,1028.556,1034.816,6.25999999999999,12.082,-12.029,-12.157,12.082,24.239,1096.77775119617,1095.82,83.3701594896332,1.99417224880383,40.2159489633174
222,74,4,RUN4_12PSI_OR_REPEAT,EXIT_PARTIAL_LEG,281,1034.816,1037.616,2.79999999999995,-12.029,-1.015,-12.029,-1.015,11.014,1120.13288256228,1118.89,83.1733451957296,1.99239857651246,40.2227046263345
223,75,4,RUN4_12PSI_OR_REPEAT,ENTRY_PARTIAL_LEG,294,1059.394,1062.324,2.93000000000006,1.042,12.106,1.042,12.156,11.114,430.730850340136,429.585,83.4744217687075,1.9933537414966,40.2078571428571
224,75,4,RUN4_12PSI_OR_REPEAT,FULL_CENTRAL_SWEEP_RAW,627,1062.324,1068.583,6.25900000000001,12.106,-12.035,-12.052,12.113,24.165,435.798803827751,437.24,83.4190111642743,1.99184051036683,40.2175598086124
225,75,4,RUN4_12PSI_OR_REPEAT,EXIT_PARTIAL_LEG,281,1068.583,1071.383,2.79999999999995,-12.035,-1.032,-12.035,-1.032,11.003,440.181779359431,440.71,83.3046619217082,1.99177935943061,40.22871886121
226,76,4,RUN4_12PSI_OR_REPEAT,ENTRY_PARTIAL_LEG,295,1093.202,1096.141,2.93900000000008,1.022,12.081,1.022,12.155,11.133,849.327830508475,849.01,83.6048474576271,3.99163728813559,40.2012542372881
227,76,4,RUN4_12PSI_OR_REPEAT,FULL_CENTRAL_SWEEP_RAW,627,1096.141,1102.401,6.25999999999999,12.081,-12.048,-12.129,12.084,24.213,876.766507177033,877.85,83.4361722488038,3.99191068580542,40.2151515151515
228,76,4,RUN4_12PSI_OR_REPEAT,EXIT_PARTIAL_LEG,282,1102.401,1105.211,2.80999999999995,-12.048,-1.021,-12.048,-1.021,11.027,892.819184397163,893.335,83.1932978723404,3.99160638297872,40.2256028368794
229,77,4,RUN4_12PSI_OR_REPEAT,ENTRY_PARTIAL_LEG,294,1126.989,1129.919,2.93000000000006,1.011,12.123,1.011,12.123,11.112,646.389523809524,645.865,83.5252380952381,3.9903537414966,40.2102380952381
230,77,4,RUN4_12PSI_OR_REPEAT,FULL_CENTRAL_SWEEP_RAW,628,1129.919,1136.189,6.26999999999998,12.123,-12.018,-12.081,12.123,24.204,666.881417197452,668.165,83.4409076433121,3.99162898089172,40.2167515923567
231,77,4,RUN4_12PSI_OR_REPEAT,EXIT_PARTIAL_LEG,281,1136.189,1138.988,2.79899999999998,-12.018,-1.03,-12.018,-1.03,10.988,675.060854092527,675.58,83.3154092526691,3.99118861209964,40.223024911032
232,78,4,RUN4_12PSI_OR_REPEAT,ENTRY_PARTIAL_LEG,294,1160.757,1163.687,2.92999999999984,1.012,12.113,1.012,12.132,11.12,210.029421768707,210.885,83.3910884353741,3.99178911564626,40.2155442176871
233,78,4,RUN4_12PSI_OR_REPEAT,FULL_CENTRAL_SWEEP_RAW,626,1163.687,1169.936,6.24900000000002,12.113,-11.78,-11.78,12.137,23.917,216.06857827476,216.26,83.5497603833866,3.99152396166134,40.2173801916933
234,78,4,RUN4_12PSI_OR_REPEAT,EXIT_PARTIAL_LEG,284,1169.936,1172.766,2.83000000000015,-11.78,-1.016,-11.957,-1.016,10.941,211.573697183099,211.945,83.2716901408451,3.99244718309859,40.2169366197183
235,79,4,RUN4_12PSI_OR_REPEAT,ENTRY_PARTIAL_LEG,295,1194.604,1197.544,2.94000000000005,1.014,12.059,1.014,12.162,11.148,1075.66016949153,1073.86,83.5439322033898,3.99112542372881,40.2025762711864
236,79,4,RUN4_12PSI_OR_REPEAT,FULL_CENTRAL_SWEEP_RAW,627,1197.544,1203.804,6.25999999999999,12.059,-12.046,-12.146,12.059,24.205,1103.87920255183,1103.5,83.4720733652312,3.99197767145136,40.2220255183413
237,79,4,RUN4_12PSI_OR_REPEAT,EXIT_PARTIAL_LEG,282,1203.804,1206.614,2.80999999999995,-12.046,-1.01,-12.046,-1.01,11.036,1125.37028368794,1124.685,83.0617021276596,3.99192907801419,40.2252836879433
238,80,4,RUN4_12PSI_OR_REPEAT,ENTRY_PARTIAL_LEG,293,1228.372,1231.292,2.91999999999985,1.024,12.147,1.024,12.153,11.129,427.302730375427,426.26,83.481023890785,3.99099317406143,40.2104778156997
239,80,4,RUN4_12PSI_OR_REPEAT,FULL_CENTRAL_SWEEP_RAW,628,1231.292,1237.561,6.26900000000001,12.147,-11.987,-12.029,12.147,24.176,442.67525477707,443.46,83.4561305732484,3.9919474522293,40.2171815286624
240,80,4,RUN4_12PSI_OR_REPEAT,EXIT_PARTIAL_LEG,282,1237.561,1240.371,2.81000000000017,-11.987,-1.009,-11.987,-1.009,10.978,441.478191489362,442.005,83.3607092198582,3.99243262411348,40.2199645390071
241,81,4,SPEED_TEST_15MPH,ENTRY_PARTIAL_LEG,297,1333.624,1336.584,2.96000000000004,1.055,12.072,1.055,12.296,11.241,875.028653198653,874.43,83.403367003367,-0.00215824915824916,24.1542760942761
242,81,4,SPEED_TEST_15MPH,FULL_CENTRAL_SWEEP_RAW,626,1336.584,1342.834,6.25,12.072,-11.99,-12.248,12.072,24.32,865.743993610224,862.94,83.4666134185304,-0.00147444089456869,24.1513099041534
243,81,4,SPEED_TEST_15MPH,EXIT_PARTIAL_LEG,280,1342.834,1345.623,2.78899999999999,-11.99,-1.002,-11.99,-1.002,10.988,886.599464285714,887.125,83.2681071428572,-0.00216071428571429,24.1664285714286
244,82,4,SPEED_TEST_15MPH,ENTRY_PARTIAL_LEG,299,1367.402,1370.382,2.98000000000002,1.012,12.05,1.012,12.27,11.258,661.044080267558,658.64,83.5237123745819,-0.00187625418060201,24.1507023411371
245,82,4,SPEED_TEST_15MPH,FULL_CENTRAL_SWEEP_RAW,625,1370.382,1376.621,6.23900000000003,12.05,-12.009,-12.214,12.05,24.264,650.455776,649.85,83.412064,-0.0024128,24.1524
246,82,4,SPEED_TEST_15MPH,EXIT_PARTIAL_LEG,280,1376.621,1379.411,2.78999999999996,-12.009,-1.012,-12.009,-1.012,10.997,664.00475,663.635,83.3469642857143,-0.00170714285714286,24.1603214285715
247,83,4,SPEED_TEST_15MPH,ENTRY_PARTIAL_LEG,295,1401.169,1404.109,2.93999999999983,1.011,12.128,1.011,12.173,11.162,218.464169491525,216.34,83.3662372881356,-0.00383050847457627,24.1426440677966
248,83,4,SPEED_TEST_15MPH,FULL_CENTRAL_SWEEP_RAW,627,1404.109,1410.369,6.25999999999999,12.128,-12.028,-12.085,12.128,24.213,205.469776714514,205.75,83.4435725677831,-0.00117384370015949,24.1602232854864
249,83,4,SPEED_TEST_15MPH,EXIT_PARTIAL_LEG,281,1410.369,1413.169,2.80000000000018,-12.028,-1.036,-12.028,-1.036,10.992,201.98871886121,200.15,83.5236298932384,-0.000629893238434163,24.1693238434164
250,84,4,SPEED_TEST_15MPH,ENTRY_PARTIAL_LEG,296,1435.017,1437.967,2.95000000000005,1.03,12.117,1.03,12.31,11.28,1087.20702702703,1087.215,83.7177364864865,0.000412162162162162,24.1437837837838
251,84,4,SPEED_TEST_15MPH,FULL_CENTRAL_SWEEP_RAW,626,1437.967,1444.216,6.2489999999998,12.117,-12.049,-12.258,12.117,24.375,1084.43514376997,1082.3,83.3694249201278,-0.00256389776357828,24.1567891373802
252,84,4,SPEED_TEST_15MPH,EXIT_PARTIAL_LEG,281,1444.216,1447.016,2.80000000000018,-12.049,-1.001,-12.049,-1.001,11.048,1113.17466192171,1114.26,83.2043416370107,-0.00244483985765125,24.1795017793594
253,85,4,SPEED_TEST_15MPH,ENTRY_PARTIAL_LEG,294,1468.785,1471.714,2.92899999999986,1.014,12.146,1.014,12.221,11.207,438.518299319728,434.765,83.4921768707483,0.000836734693877551,24.1561224489796
254,85,4,SPEED_TEST_15MPH,FULL_CENTRAL_SWEEP_RAW,629,1471.714,1477.994,6.27999999999997,12.146,-12.015,-12.157,12.146,24.303,427.960683624801,429.11,83.4142766295708,0.000952305246422894,24.1527027027027
255,85,4,SPEED_TEST_15MPH,EXIT_PARTIAL_LEG,281,1477.994,1480.794,2.80000000000018,-12.015,-1.011,-12.015,-1.011,11.004,434.914128113879,433.94,83.447153024911,0.001644128113879,24.1545195729537
256,86,4,SPEED_TEST_45MPH,ENTRY_PARTIAL_LEG,293,1513.551,1516.471,2.92000000000007,1.008,12.051,1.008,12.066,11.058,867.25204778157,865.49,83.5755972696246,0.000139931740614334,72.3168259385666
257,86,4,SPEED_TEST_45MPH,FULL_CENTRAL_SWEEP_RAW,626,1516.471,1522.721,6.25,12.051,-12.045,-12.046,12.054,24.1,859.804552715655,860.295,83.1851757188499,0.00154952076677316,72.326661341853
258,86,4,SPEED_TEST_45MPH,EXIT_PARTIAL_LEG,285,1522.721,1525.56,2.83899999999994,-12.045,-1.008,-12.045,-1.008,11.037,875.088105263158,875.48,83.0118596491228,0.00092280701754386,72.3333333333333
259,87,4,SPEED_TEST_45MPH,ENTRY_PARTIAL_LEG,293,1547.349,1550.269,2.92000000000007,1.006,12.081,1.006,12.083,11.077,659.358122866894,658.08,83.2781911262799,0.00157337883959044,72.3136177474402
260,87,4,SPEED_TEST_45MPH,FULL_CENTRAL_SWEEP_RAW,625,1550.269,1556.508,6.23900000000003,12.081,-11.812,-11.812,12.081,23.893,649.380288,649.95,83.30192,0.0016112,72.32552
261,87,4,SPEED_TEST_45MPH,EXIT_PARTIAL_LEG,285,1556.508,1559.348,2.83999999999992,-11.812,-1.021,-12.039,-1.021,11.018,659.592631578947,659.29,83.3745614035088,0.000971929824561403,72.3332280701754
262,88,4,SPEED_TEST_45MPH,ENTRY_PARTIAL_LEG,292,1581.136,1584.046,2.91000000000008,1.009,12.056,1.009,12.056,11.047,221.132294520548,218.95,83.5768150684932,0.00139383561643836,72.3187328767123
263,88,4,SPEED_TEST_45MPH,FULL_CENTRAL_SWEEP_RAW,627,1584.046,1590.306,6.25999999999999,12.056,-11.84,-11.84,12.064,23.904,209.121100478469,209.11,83.4214354066986,0.000244019138755981,72.3251515151515
264,88,4,SPEED_TEST_45MPH,EXIT_PARTIAL_LEG,284,1590.306,1593.135,2.82899999999995,-11.84,-1.038,-12.001,-1.038,10.963,208.018802816901,207.995,83.3794718309859,0.000785211267605634,72.325985915493
265,89,4,SPEED_TEST_45MPH,ENTRY_PARTIAL_LEG,292,1614.954,1617.864,2.91000000000008,1.052,11.869,1.052,11.869,10.817,1091.57852739726,1091.605,83.5667123287671,-0.00160958904109589,72.3121575342466
266,89,4,SPEED_TEST_45MPH,FULL_CENTRAL_SWEEP_RAW,625,1617.864,1624.103,6.23900000000003,11.869,-12.02,-12.02,12.065,24.085,1087.626128,1088.99,83.377152,-0.0021312,72.328912
267,89,4,SPEED_TEST_45MPH,EXIT_PARTIAL_LEG,285,1624.103,1626.943,2.83999999999992,-12.02,-1.048,-12.027,-1.048,10.979,1106.88101754386,1106.61,83.2859649122807,-0.00270175438596491,72.3317543859649
268,90,4,SPEED_TEST_45MPH,ENTRY_PARTIAL_LEG,293,1648.741,1651.661,2.92000000000007,1.006,12.071,1.006,12.071,11.065,440.693651877133,438.54,83.5048122866894,0.00331058020477816,72.3215358361775
269,90,4,SPEED_TEST_45MPH,FULL_CENTRAL_SWEEP_RAW,626,1651.661,1657.911,6.25,12.071,-12.041,-12.045,12.071,24.116,428.148562300319,427.865,83.3658466453674,0.0021741214057508,72.3256709265175
270,90,4,SPEED_TEST_45MPH,EXIT_PARTIAL_LEG,285,1657.911,1660.751,2.83999999999992,-12.041,-1.009,-12.041,-1.009,11.032,432.807157894737,432.46,83.4559649122807,0.00221052631578947,72.3365964912281
