ConditionID,Pressure_psi,Camber_deg,FZ_N,PeakFY_N,Mu_y,PeakSA_deg,PeakFY_Pos_N,PeakFY_Neg_N,PeakSA_Pos_deg,PeakSA_Neg_deg,Mu_Pos,Mu_Neg,CAlpha_NperDeg,Samples
11,8.100355545,0,447.9,1258.51476190476,2.80981192655674,10.399,1258.51476190476,1221.63523809524,10.399,-10.528,2.80981192655674,2.97923482037614,351.977478646455,1229
11,8.100355545,0,671.11,1786.67619047619,2.66227025446825,10.323,1786.67619047619,1721.62571428571,10.323,-9.848,2.66227025446825,2.64053023663453,438.994658059724,1248
11,8.100355545,0,894.82,2306.9819047619,2.5781519241433,9.844,2306.9819047619,2185.78666666667,9.844,-9.202,2.5781519241433,2.52820702631011,498.995961077868,987
11,8.100355545,0,900.48,2296.01333333333,2.54976605069889,10.774,2296.01333333333,2022.37047619048,10.774,-7.174,2.54976605069889,2.24316522975529,489.273109707229,264
11,8.100355545,0,1047.07,2761.74857142857,2.63759688600435,10.777,2761.74857142857,2609.40619047619,10.777,-9.774,2.63759688600435,2.44321847013744,533.115877910088,1489
11,8.100355545,0,1102.5,2758.5680952381,2.50210258071483,10.579,2758.5680952381,2536.17619047619,10.579,-11.188,2.50210258071483,2.30124235813426,515.739289077921,1011
12,8.100355545,2,440.11,1253.59666666667,2.8483712405232,8.067,1253.59666666667,1174.81952380952,8.067,-6.581,2.8483712405232,2.6253536923943,341.438026024723,1230
12,8.100355545,2,668.26,1811.65285714286,2.7109999957245,10.044,1811.65285714286,1688.0419047619,10.044,-9.125,2.7109999957245,2.52413706675325,431.541782120593,1249
12,8.100355545,2,878.14,2309.34333333333,2.62981225468984,9.628,2309.34333333333,2147.3719047619,9.628,-9.473,2.62981225468984,2.45582331285671,488.904534363243,1063
12,8.100355545,2,902.34,2160.08952380952,2.3938753948728,7.759,2160.08952380952,1981.5780952381,7.759,-7.035,2.3938753948728,2.19667667528168,467.824538806768,186
12,8.100355545,2,1053.49,2765.95095238095,2.62551229948168,10.392,2765.95095238095,2518.53666666667,10.392,-10.146,2.62551229948168,2.34334797226047,516.887994103664,672
12,8.100355545,2,1105.29,2763.45,2.50020356648481,10.256,2763.45,2500.62,10.256,-12.094,2.50020356648481,2.26795091557152,498.739279968199,578
13,8.100355545,4,423.91,1165.55714285714,2.74953915420052,8.513,1165.55714285714,1086.80285714286,8.513,-7.18,2.74953915420052,2.46625106574729,304.243244655918,1226
13,8.100355545,4,658.2,1730.14904761905,2.62860687878919,10.377,1730.14904761905,1597.87047619048,10.377,-8.457,2.62860687878919,2.38919612462877,399.02473935287,1241
13,8.100355545,4,868.35,2252.54,2.5940461795359,9.818,2252.54,2075.54761904762,9.818,-9.652,2.5940461795359,2.35357549190654,463.101784246181,974
13,8.100355545,4,900.52,2085.10571428571,2.31544631355852,7.508,2085.10571428571,1994.40666666667,7.508,-11.296,2.31544631355852,2.21470319330468,444.595215267787,256
13,8.100355545,4,1097.23,2697.47619047619,2.45844188590924,10.044,2697.47619047619,2431.80571428571,10.044,-10.21,2.45844188590924,2.23723351544727,493.510748636893,602
13,8.100355545,4,1105.43,2697.80428571429,2.44050214460824,10.014,2697.80428571429,2426.78142857143,10.014,-11.464,2.44050214460824,2.1955663375627,478.984600488616,647
21,10.103326182,0,431.01,1245.87380952381,2.8905914236881,11.742,1245.87380952381,1173.52952380952,11.742,-11.608,2.8905914236881,2.77476065497724,369.689496822343,1237
21,10.103326182,0,659.13,1802.70238095238,2.73497243480403,10.507,1802.70238095238,1709.73333333333,10.507,-10.491,2.73497243480403,2.67488553041918,478.999443612889,1240
21,10.103326182,0,884.82,2346.52761904762,2.65198302371965,9.712,2346.52761904762,2233.19761904762,9.712,-10.064,2.65198302371965,2.58783445240523,559.286324836029,986
21,10.103326182,0,900.56,2277.92666666667,2.52945574605431,11.593,2277.92666666667,2119.64476190476,11.593,-7.525,2.52945574605431,2.34798644353892,551.798543584428,264
21,10.103326182,0,1086.31,2867.8819047619,2.64002163725079,10.217,2867.8819047619,2735.9019047619,10.217,-9.816,2.64002163725079,2.53298451524558,596.406238628846,1229
21,10.103326182,0,1113.97,2869.49047619048,2.57591360287124,9.979,2869.49047619048,2717.33238095238,9.979,-10.784,2.57591360287124,2.4675205958305,584.771372433612,1271
22,10.103326182,2,424.94,1230.41857142857,2.89551129907416,10.885,1230.41857142857,1156.28142857143,10.885,-6.808,2.89551129907416,2.67707313523668,350.662368556326,1235
22,10.103326182,2,650.75,1799.32476190476,2.76500155498235,10.524,1799.32476190476,1670.63523809524,10.524,-9.973,2.76500155498235,2.56953602610892,460.301076718859,1250
22,10.103326182,2,873.48,2318.07238095238,2.65383566990931,10.395,2318.07238095238,2161.32904761905,10.395,-9.83,2.65383566990931,2.4916753678945,534.766778101209,1090
22,10.103326182,2,900.38,2081.93857142857,2.31228877965811,-8.208,2075.67476190476,2081.93857142857,6.576,-8.208,2.29803237445725,2.31228877965811,515.517979435118,159
22,10.103326182,2,1096.63,2810.32333333333,2.56269054588451,9.762,2810.32333333333,2618.69761904762,9.762,-10.129,2.56269054588451,2.39594647524417,572.575751918027,571
22,10.103326182,2,1104.99,2812.23,2.54502755681047,9.841,2812.23,2611.17476190476,9.841,-10.642,2.54502755681047,2.36847693080516,557.629380028327,679
23,10.103326182,4,421.33,1137.95,2.70085206370304,8.498,1137.95,1096.62619047619,8.498,-7.26,2.70085206370304,2.47534240096653,306.550530160352,1232
23,10.103326182,4,643.09,1672.67666666667,2.60099934171992,8.068,1672.67666666667,1608.67904761905,8.068,-9.772,2.60099934171992,2.43142445454951,412.219811794041,1230
23,10.103326182,4,873.59,2229.10714285714,2.55166284281773,9.68,2229.10714285714,2096.89666666667,9.68,-9.532,2.55166284281773,2.39483852792593,492.625872249022,987
23,10.103326182,4,902.53,2060.10619047619,2.28259026345517,-11.481,2036.80285714286,2060.10619047619,6.827,-11.481,2.26241042469327,2.28259026345517,474.438803138401,260
23,10.103326182,4,1098.49,2713.50095238095,2.47020997221727,10.852,2713.50095238095,2552.65380952381,10.852,-10.095,2.47020997221727,2.3287449797234,538.054710921423,537
23,10.103326182,4,1102.8,2712.69666666667,2.45982650223673,10.821,2712.69666666667,2552.27952380952,10.821,-10.143,2.45982650223673,2.30898208184547,525.799156628084,713
31,12.099044934,0,397.33,711.333809523809,1.79028467400853,2.93,NaN,NaN,NaN,NaN,NaN,NaN,293.003821902608,94
31,12.099044934,0,423.89,1193.8680952381,2.8164573243957,11.765,1193.8680952381,1132.0080952381,11.765,-11.733,2.8164573243957,2.67557279831264,327.492011618551,4901
31,12.099044934,0,651.71,1728.33142857143,2.65199464266534,10.567,1728.33142857143,1642.19142857143,10.567,-11.678,2.65199464266534,2.53741780400103,428.333223237099,4954
31,12.099044934,0,870.92,2245.07238095238,2.57781699921047,10.197,2245.07238095238,2121.54142857143,10.197,-10.483,2.57781699921047,2.46349984158133,510.088335988799,4487
31,12.099044934,0,900.25,2214.94,2.46036101083032,11.702,2214.94,2018.15904761905,11.702,-7.918,2.46036101083032,2.24075572093692,513.437969752718,510
31,12.099044934,0,1085.37,2761.1780952381,2.5439970657362,9.902,2761.1780952381,2586.42,9.902,-10.073,2.5439970657362,2.41360582306831,572.266871493932,4180
31,12.099044934,0,1103.08,2761.55428571429,2.50349411258865,9.71,2761.55428571429,2570.91857142857,9.71,-11.211,2.50349411258865,2.33579722296492,565.226533140032,3316
32,12.091793049,2,417.91,1190.69761904762,2.84917235540575,11.788,1190.69761904762,1156.49047619048,11.788,-7.27,2.84917235540575,2.65310960355695,327.174705895652,2467
32,12.091793049,2,647.65,1740.8419047619,2.68793623834155,10.476,1740.8419047619,1638.65761904762,10.476,-10.546,2.68793623834155,2.51675260182402,429.966875911245,2494
32,12.091793049,2,864.87,2252.27238095238,2.60417447819023,9.927,2252.27238095238,2100.91857142857,9.927,-10.401,2.60417447819023,2.42877951865131,505.949663488375,2393
32,12.091793049,2,900.24,2055.41666666667,2.28318744631061,-10.245,2022.14952380952,2055.41666666667,6.951,-10.245,2.24443873624747,2.28318744631061,523.548897236203,107
32,12.091793049,2,1085.68,2763.59857142857,2.54550012105645,9.064,2763.59857142857,2586.18666666667,9.064,-10.138,2.54550012105645,2.37058221427808,570.118075887452,1103
32,12.091793049,2,1105.21,2763.38333333333,2.50032422194274,9.231,2763.38333333333,2584.20285714286,9.231,-10.249,2.50032422194274,2.33930139418557,558.291582757427,1396
33,12.091793049,4,420.77,1140.21666666667,2.70983355910989,10.796,1140.21666666667,1121.23476190476,10.796,-7.755,2.70983355910989,2.52797953217316,294.51084006576,2473
33,12.091793049,4,647.91,1698.73428571429,2.62186767562514,10.226,1698.73428571429,1623.3480952381,10.226,-10.212,2.62186767562514,2.42965261058774,393.216731589095,2470
33,12.091793049,4,857.56,2217.91761904762,2.58631188377212,10.524,2217.91761904762,2078.76238095238,10.524,-10.025,2.58631188377212,2.36806942227126,468.113884645378,2189
33,12.091793049,4,905.01,2051.65476190476,2.2669967866706,-11.509,1995.6319047619,2051.65476190476,7.366,-11.509,2.21667914955559,2.2669967866706,473.640654091075,307
33,12.091793049,4,1095.86,2709.16428571429,2.47218101373742,10.262,2709.16428571429,2537.83714285714,10.262,-10.085,2.47218101373742,2.31467894570201,542.047464512643,928
33,12.091793049,4,1101.98,2709.47476190476,2.45873315478027,10.212,2709.47476190476,2537.85904761905,10.212,-10.126,2.45873315478027,2.30486068134217,525.212873441697,1570
41,14.094763686,0,423.11,1131.47904761905,2.67419594814362,11.667,1131.47904761905,1059.58,11.667,-11.725,2.67419594814362,2.5448650206552,316.918893983379,1221
41,14.094763686,0,657.85,1648.30523809524,2.50559434232004,11.766,1648.30523809524,1548.42476190476,11.766,-11.715,2.50559434232004,2.40293108506458,417.479915369358,1234
41,14.094763686,0,882.44,2148.38476190476,2.43459585003486,10.215,2148.38476190476,2012.17333333333,10.215,-10.879,2.43459585003486,2.3367475709364,505.638125578744,1082
41,14.094763686,0,901.52,2115.62380952381,2.34672975588319,11.597,2115.62380952381,1984.79190476191,11.597,-10.167,2.34672975588319,2.20260778901788,511.304073914456,167
41,14.094763686,0,1099.65,2672.60571428571,2.43041487226455,9.58,2672.60571428571,2479.57047619048,9.58,-10.542,2.43041487226455,2.30571924510924,581.287210568225,1296
41,14.094763686,0,1110.1,2673.35571428571,2.40821161542718,9.923,2673.35571428571,2464.95142857143,9.923,-11.209,2.40821161542718,2.2376711680342,577.065194652631,1202
42,14.102015571,2,414.51,1152.54952380952,2.78051078094503,11.813,1152.54952380952,1098.89380952381,11.813,-7.965,2.78051078094503,2.54632915359118,310.562549832409,1223
42,14.102015571,2,647.91,1667.54142857143,2.57372386376415,11.708,1667.54142857143,1523.17142857143,11.708,-10.313,2.57372386376415,2.33622416112677,412.810244804703,1233
42,14.102015571,2,871.58,2141.80333333333,2.45738008367945,11.665,2141.80333333333,1968.01857142857,11.665,-10.159,2.45738008367945,2.27099155474743,498.093111894314,1171
42,14.102015571,2,901.11,1939.44904761905,2.15228889660424,-11.746,NaN,1939.44904761905,NaN,-11.746,NaN,2.15228889660424,NaN,79
42,14.102015571,2,1098.83,2635.34619047619,2.39832020465057,10.661,2635.34619047619,2420.22523809524,10.661,-9.877,2.39832020465057,2.22336821623021,573.438957509271,563
42,14.102015571,2,1103.18,2636.0219047619,2.38947579249253,10.629,2636.0219047619,2419.06666666667,10.629,-9.937,2.38947579249253,2.19587766118393,563.762488212856,686
43,14.087511801,4,420.24,1106.62857142857,2.63332517473009,12.139,1106.62857142857,1035.00047619048,12.139,-8.108,2.63332517473009,2.37390875063757,281.65109718131,1233
43,14.087511801,4,643.19,1640.67428571429,2.55083923213092,11.695,1640.67428571429,1486.91380952381,11.695,-10.067,2.55083923213092,2.24135334567954,380.241715928115,1210
43,14.087511801,4,856.63,2128.58047619048,2.48483064589201,11.071,2128.58047619048,1922.83142857143,11.071,-9.768,2.48483064589201,2.21058302032745,461.48948180443,1083
43,14.087511801,4,902.22,1885.6219047619,2.08998016532764,7.277,1885.6219047619,1877.74428571429,7.277,-12.064,2.08998016532764,2.07256543677073,NaN,166
43,14.087511801,4,1094.23,2599.3719047619,2.3755260820503,11.296,2599.3719047619,2344.0819047619,11.296,-9.499,2.3755260820503,2.13714240562522,543.87716360646,416
43,14.087511801,4,1102.14,2599.57428571429,2.35866068350145,11.244,2599.57428571429,2344.78571428571,11.244,-9.525,2.35866068350145,2.12540174605764,525.906529755026,834
