SweepID,ConditionID,RunNumber,FZ_Mean_N,Pressure_Mean_psi,IA_Mean_deg,Speed_Mean_mph,PeakAbsFY_N,SA_AtPeak_deg,PeakStatus,PeakBoundaryDistance_deg
1,35,2,1085.10939163498,12.0921849842358,-0.00104372623574144,24.9889504608675,2646.83,10.483,BOUNDARY_LIMITED,0
2,34,2,873.483036053131,12.0872909429336,-0.00435673624288425,24.9899811853991,2212.9,10.497,BOUNDARY_LIMITED,0
3,33,2,652.245038022814,12.1028229232506,-0.00404942965779468,24.9872139292086,1725.3,10.426,BOUNDARY_LIMITED,0.0519999999999996
4,31,2,207.469505703422,12.0956565148785,-0.000231939163498099,24.9867414035871,667.44,8.603,RESOLVED,1.895
5,35,2,1089.35992395437,12.0908669606876,0.000444866920152091,24.9891867236782,2653.82,10.348,BOUNDARY_LIMITED,0.132999999999999
6,32,2,428.583041825095,12.0944818746452,0.00344486692015209,24.9880881016083,1201,10.462,BOUNDARY_LIMITED,0
7,39,2,872.61030418251,12.1077475886421,1.99527376425856,24.9880762884678,2200.28,10.171,BOUNDARY_LIMITED,0.322000000000001
8,38,2,662.924771863118,12.0998890800386,1.9933288973384,24.990084522359,1724.84,10.113,BOUNDARY_LIMITED,0.362
9,36,2,215.959372623574,12.1100251774514,1.99018060836502,24.9892221630998,692.11,-7.524,RESOLVED,2.967
10,40,2,1098.99950570342,12.0976914550011,1.99088212927757,24.9898364464077,2652.68,10.397,BOUNDARY_LIMITED,0.0839999999999996
11,37,2,437.53935483871,12.084461743799,1.99456356736243,24.9888374851022,1211.36,10.203,BOUNDARY_LIMITED,0.290000000000001
12,44,2,881.589562737643,12.0680221383088,3.99253422053232,24.9898600726888,2164.54,10.496,BOUNDARY_LIMITED,0
13,43,2,671.097699619772,12.1131658235213,3.99236882129278,24.9899782040942,1693.3,10.404,BOUNDARY_LIMITED,0.0909999999999993
14,41,2,220.477433460076,12.1069700098961,3.9923422053232,24.9883479907001,641.43,-7.912,RESOLVED,2.557
15,45,2,1107.41812144212,12.092696144393,3.98928842504744,24.989945813225,2618.07,10.354,BOUNDARY_LIMITED,0.139000000000001
16,42,2,446.044961977186,12.1022438752482,3.99236882129278,24.9908878159155,1172.61,10.09,BOUNDARY_LIMITED,0.404999999999999
17,20,2,1091.03701520913,10.082720216392,-0.00451520912547529,24.9905570479805,2778.44,10.423,BOUNDARY_LIMITED,0.0419999999999998
18,19,2,873.196520912547,10.0929004317477,-0.00454752851711027,24.9919864379854,2276.21,10.391,BOUNDARY_LIMITED,0.0960000000000001
19,18,2,650.806235741445,10.1020383606993,-0.00430038022813688,24.989293041943,1797.26,10.461,BOUNDARY_LIMITED,0
20,16,2,205.723060836502,10.1026284381874,-0.000574144486692015,24.9898836989699,681.54,8.463,RESOLVED,2.018
21,20,2,1087.35954372624,10.0793948264356,-0.000889733840304183,24.9928842366662,2734.48,10.477,BOUNDARY_LIMITED,0
22,17,2,428.514440227704,10.0915771759956,-0.00406831119544592,24.9946738938338,1261.88,10.189,BOUNDARY_LIMITED,0.308999999999999
23,24,2,871.928003802281,10.104751614196,1.99530038022814,24.9913367152559,2265.81,10.162,BOUNDARY_LIMITED,0.318
24,23,2,661.507870722433,10.1047157683673,1.99404942965779,24.9957075772545,1794.8,10.119,BOUNDARY_LIMITED,0.347
25,21,2,214.336863117871,10.1022313767,1.99503041825095,24.9912422101316,686.63,9.359,RESOLVED,1.083
26,25,2,1097.78279467681,10.0972791375941,1.9901825095057,24.9889150214459,2712.87,10.481,BOUNDARY_LIMITED,0
27,22,2,437.653307984791,10.1082314169531,1.99025475285171,24.9895883704565,1252.03,10.176,BOUNDARY_LIMITED,0.295
28,29,2,880.65660341556,10.1030673573057,3.99273624288425,24.9942140555701,2210.84,10.426,BOUNDARY_LIMITED,0.0730000000000004
29,28,2,669.600872865275,10.1213470661107,3.98990891840607,24.9953931280412,1692.15,8.434,RESOLVED,2.062
30,26,2,219.886723809524,10.1125145339229,3.99217333333333,24.9947449750599,621.66,10.109,BOUNDARY_LIMITED,0.340999999999999
31,30,2,1104.84355513308,10.0951476894712,3.98971673003803,24.99296692865,2654.96,10.167,BOUNDARY_LIMITED,0.313000000000001
32,27,2,446.741064638783,10.1082010858672,3.9926349809886,24.9925180293096,1174.39,8.244,RESOLVED,2.234
33,50,2,1088.04711026616,14.088191022082,-0.00476235741444867,24.9895765573159,2594.34,10.448,BOUNDARY_LIMITED,0
34,49,2,870.213346007605,14.1004447807605,-0.00432699619771863,24.9930023680716,2121.53,10.304,BOUNDARY_LIMITED,0.173
35,48,2,649.047104761905,14.1059449279539,-0.00469333333333334,24.9946502899259,1640.51,10.065,BOUNDARY_LIMITED,0.377000000000001
36,46,2,209.329410646388,14.0842066203515,-5.13307984790875e-05,24.992636160715,649.78,9.196,RESOLVED,1.29
37,50,2,1083.93721062619,14.1017137523974,-0.00178937381404175,24.9943437535419,2568.77,10.455,BOUNDARY_LIMITED,0.0350000000000001
38,47,2,428.457186311787,14.0901046378612,-0.00126996197718631,24.9947152734495,1147.93,10.052,BOUNDARY_LIMITED,0.424000000000001
39,54,2,870.626254752852,14.1026892811125,1.99393536121673,24.9933567622877,2120.83,10.155,BOUNDARY_LIMITED,0.317
40,53,2,659.623840304183,14.1131810794409,1.99303422053232,24.9970897146974,1662.49,10.466,BOUNDARY_LIMITED,0
41,51,2,211.675817490494,14.1027278843126,1.99573384030418,24.994089177001,645.44,-7.651,RESOLVED,2.828
42,55,2,1095.77268060836,14.0900853362611,1.99313498098859,24.9938292879092,2580.42,10.396,BOUNDARY_LIMITED,0.103
43,52,2,436.993288973384,14.11576473648,1.99267300380228,24.9911358918668,1176.28,10.162,BOUNDARY_LIMITED,0.328999999999999
44,59,2,878.750209125475,14.0850090154404,3.99188403041825,24.9942663741091,2097.33,10.471,BOUNDARY_LIMITED,0
45,58,2,668.832585551331,14.0969429190319,3.98862547528517,24.9938765404713,1638.55,10.268,BOUNDARY_LIMITED,0.224
46,56,2,217.75108365019,14.1010403729915,3.99256273764259,24.9925652818718,612.13,-8.147,RESOLVED,2.319
47,60,2,1106.31435361217,14.0874410170503,3.99210266159696,24.9941836821253,2522.39,10.243,BOUNDARY_LIMITED,0.215
48,57,2,443.993117870722,14.1073602683315,3.98905703422053,24.9960855977517,1131.88,10.412,BOUNDARY_LIMITED,0.0739999999999998
49,5,4,1084.29400379507,8.10033838745533,-0.00198102466793169,24.9865972474072,2661.4,10.231,BOUNDARY_LIMITED,0.263
50,4,4,869.325475285171,8.10267108706798,-0.000925855513307985,24.9898482595483,2255.84,10.441,BOUNDARY_LIMITED,0.0379999999999985
51,3,4,647.314600760456,8.10157365323494,-0.00234030418250951,24.9882771118569,1761.31,9.829,BOUNDARY_LIMITED,0.641999999999999
52,1,4,204.059125475285,8.10620052251093,-0.000361216730038022,24.9863751962305,753.31,7.524,RESOLVED,2.943
53,5,4,1087.07828897338,8.10002952522865,0.00226996197718631,24.9877455205327,2685.17,10.025,BOUNDARY_LIMITED,0.436
54,2,4,425.416711026616,8.09656902407169,0.00246958174904943,24.9885842535108,1279.93,9.643,RESOLVED,0.846
55,9,4,868.869239543726,8.10159019746358,1.9946102661597,24.9863633830899,2232.25,10.325,BOUNDARY_LIMITED,0.164000000000001
56,8,4,659.33220952381,8.10940800726457,1.99247619047619,24.9889455105991,1769.99,10.141,BOUNDARY_LIMITED,0.298
57,6,4,211.230608365019,8.10459573233297,1.99397718631179,24.9887260111973,740.6,7.667,RESOLVED,2.821
58,10,4,1092.90057034221,8.11169872116191,1.99308745247148,24.9891985368187,2655.26,9.973,BOUNDARY_LIMITED,0.526
59,7,4,436.140285171103,8.10848086869165,1.99021482889734,24.9887614506189,1271.91,9.639,RESOLVED,0.851000000000001
60,14,4,876.663847619048,8.10081072269643,3.99254476190476,24.9899988827154,2178.52,10.379,BOUNDARY_LIMITED,0.0850000000000009
61,13,4,667.303783269962,8.10623085359677,3.99197718631179,24.9912776495532,1711.7,8.87,RESOLVED,1.62
62,11,4,216.718288973384,8.10816377097607,3.99107414448669,24.9939828587362,636.09,7.841,RESOLVED,2.649
63,15,4,1099.84666666667,8.09030446523735,3.9926780952381,24.990993076623,2601.79,10.429,BOUNDARY_LIMITED,0.0359999999999996
64,12,4,443.380910815939,8.1065086836223,3.99266034155598,24.9877645291535,1190.87,9.677,RESOLVED,0.82
65,35,4,1084.38159695817,12.0894579438819,-0.00174334600760456,24.9909586947587,2477.38,10.26,BOUNDARY_LIMITED,0.228
66,34,4,869.575456273764,12.0900176902841,-0.00192585551330798,24.989930951532,2018.47,10.078,BOUNDARY_LIMITED,0.406000000000001
67,33,4,647.729201520913,12.0978706841447,-0.0011787072243346,24.9914902860829,1596.5,10.196,BOUNDARY_LIMITED,0.271000000000001
68,31,4,204.980760456274,12.1035867151394,-0.000785171102661597,24.9896356230186,664.95,8.853,RESOLVED,1.621
69,35,4,1083.97719165085,12.093769478695,-0.00174573055028463,24.98933269554,2438.16,10.482,BOUNDARY_LIMITED,0
70,32,4,427.872946768061,12.0987089250624,-0.00572243346007605,24.9891749105377,1167.35,10.132,BOUNDARY_LIMITED,0.348000000000001
71,39,4,866.578857142857,12.087105260031,1.99308190476191,24.9920819556646,2027.77,10.128,BOUNDARY_LIMITED,0.340999999999999
72,38,4,658.880513307985,12.0943963961305,1.99198288973384,24.9924944030285,1635.58,10.367,BOUNDARY_LIMITED,0.126999999999999
73,36,4,210.585542857143,12.0997000609134,1.99283238095238,24.9897148273133,656.29,8.27,RESOLVED,2.196
74,40,4,1095.14701520913,12.0880020517616,1.99428707224335,24.9906633662453,2471.64,10.076,BOUNDARY_LIMITED,0.411
75,37,4,435.735654648956,12.0957592753626,1.99204364326376,24.9906296752582,1178.98,10.258,BOUNDARY_LIMITED,0.229000000000001
76,44,4,876.047741935484,12.0961445748556,3.9917760910816,24.9897571616296,2028.07,10.458,BOUNDARY_LIMITED,0.020999999999999
77,43,4,666.684144486692,12.1025471861066,3.99177186311787,24.9897655675645,1593.49,10.112,BOUNDARY_LIMITED,0.371
78,41,4,216.505076045627,12.1192761586319,3.99122243346008,24.9894938653322,614.3,7.672,RESOLVED,2.794
79,45,4,1102.59737642585,12.1057154058909,3.99199809885932,24.9923762716232,2457.49,10.365,BOUNDARY_LIMITED,0.0790000000000006
80,42,4,443.339752380952,12.1001945705335,3.99210285714286,24.988318221586,1121.98,10.442,BOUNDARY_LIMITED,0
