SweepID,OriginalFullSweepID,Stage2RegionID,RunNumber,ConditionID,SampleCount,FZ_Mean_N,FZ_Median_N,FZ_Std_N,Pressure_Mean_psi,IA_Mean_deg,Speed_Mean_mph,SA_Min_deg,SA_Max_deg,FY_Min_N,FY_Max_N,PeakAbsFY_N,PeakSignedFY_N,SA_AtPeak_deg,MuY_Peak,RawCorneringSlope_N_per_deg,CorneringStiffness_N_per_deg,CorneringStiffness_N_per_rad,Stiffness_R2,ZeroSlipFY_N,PositivePeakFY_N,NegativePeakFY_N,SymmetryRatio,PeakStatus,PeakBoundaryDistance_deg,LoadQC,StiffnessQC
1,1,1,2,35,526,1085.10939163498,1081.305,25.815095473305,12.0921849842358,-0.00104372623574144,24.9889504608675,-10.494,10.483,-2646.83,2596.24,2646.83,-2646.83,10.483,2.43922872698752,-591.20181766306,591.20181766306,33873.3689925562,0.998750431126092,-23.4204113286059,2646.83,2596.24,1.01948587187625,BOUNDARY_LIMITED,0,NORMAL,GOOD
2,2,2,2,34,527,873.483036053131,873.47,19.5905372877094,12.0872909429336,-0.00435673624288425,24.9899811853991,-10.483,10.497,-2212.9,2141.8,2212.9,-2212.9,10.497,2.53342069469269,-535.319753613161,535.319753613161,30671.5625720172,0.997353904454802,-19.7835475558204,2212.9,2141.8,1.03319637687926,BOUNDARY_LIMITED,0,NORMAL,GOOD
3,3,3,2,33,526,652.245038022814,652.85,15.6919652931192,12.1028229232506,-0.00404942965779468,24.9872139292086,-10.476,10.478,-1725.3,1653.49,1725.3,-1725.3,10.426,2.64517152208623,-450.270997505804,450.270997505804,25798.6277942282,0.995351243447219,-17.008093196257,1725.3,1653.49,1.04342935246055,BOUNDARY_LIMITED,0.0519999999999996,NORMAL,GOOD
4,4,4,2,31,526,207.469505703422,207.345,14.2625737122745,12.0956565148785,-0.000231939163498099,24.9867414035871,-10.462,10.498,-667.44,638.84,667.44,-667.44,8.603,3.21705109257891,-212.83945805148,212.83945805148,12194.8026602015,0.988793399274467,-5.08001643553571,667.44,638.84,1.04476864316574,RESOLVED,1.895,LOW_LOAD,GOOD
5,5,5,2,35,526,1089.35992395437,1084.74,26.571676327461,12.0908669606876,0.000444866920152091,24.9891867236782,-10.49,10.481,-2653.82,2608.62,2653.82,-2653.82,10.348,2.43612780463471,-597.770504550691,597.770504550691,34249.7270281604,0.998591482008054,-25.5153839042148,2653.82,2608.62,1.01732716915457,BOUNDARY_LIMITED,0.132999999999999,NORMAL,GOOD
6,6,6,2,32,526,428.583041825095,428.81,14.6025137779232,12.0944818746452,0.00344486692015209,24.9880881016083,-10.486,10.462,-1201,1157.14,1201,-1201,10.462,2.80225739890597,-346.23034247286,346.23034247286,19837.537363064,0.992569881226786,-9.15154925957575,1201,1157.14,1.03790379729333,BOUNDARY_LIMITED,0,NORMAL,GOOD
7,7,7,2,39,526,872.61030418251,873.06,15.1048359176051,12.1077475886421,1.99527376425856,24.9880762884678,-10.472,10.493,-2200.28,2121.06,2200.28,-2200.28,10.171,2.52149211332233,-532.673098354723,532.673098354723,30519.9203958826,0.99834841774391,117.584005788519,2200.28,2121.06,1.03734924990335,BOUNDARY_LIMITED,0.322000000000001,NORMAL,GOOD
8,8,8,2,38,526,662.924771863118,663.265,15.3398427211546,12.0998890800386,1.9933288973384,24.990084522359,-10.481,10.475,-1724.84,1660.86,1724.84,-1724.84,10.113,2.60186385123673,-452.109564758758,452.109564758758,25903.9699381734,0.997182058721464,71.9740956677493,1724.84,1660.86,1.03852221138446,BOUNDARY_LIMITED,0.362,NORMAL,GOOD
9,9,9,2,36,526,215.959372623574,215.995,17.1979112293693,12.1100251774514,1.99018060836502,24.9892221630998,-10.491,10.464,-662.5,692.11,692.11,692.11,-7.524,3.20481575581522,-211.658812457928,211.658812457928,12127.1566505903,0.988643554344985,4.84069217727956,662.5,692.11,0.957217783300342,RESOLVED,2.967,LOW_LOAD,GOOD
10,10,10,2,40,526,1098.99950570342,1099.045,21.0497799410048,12.0976914550011,1.99088212927757,24.9898364464077,-10.477,10.481,-2652.68,2604.85,2652.68,-2652.68,10.397,2.41372265067775,-586.030990048486,586.030990048486,33577.1023936514,0.999133685374021,154.095048155269,2652.68,2604.85,1.01836190183696,BOUNDARY_LIMITED,0.0839999999999996,NORMAL,GOOD
11,11,11,2,37,527,437.53935483871,437.98,17.0619786417733,12.084461743799,1.99456356736243,24.9888374851022,-10.492,10.493,-1211.36,1188.67,1211.36,-1211.36,10.203,2.76857381308373,-344.846698818628,344.846698818628,19758.2604213264,0.994935522191271,27.9929570637053,1211.36,1188.67,1.019088561165,BOUNDARY_LIMITED,0.290000000000001,NORMAL,GOOD
12,12,12,2,44,526,881.589562737643,880.66,12.9029123474715,12.0680221383088,3.99253422053232,24.9898600726888,-10.452,10.496,-2164.54,2096.17,2164.54,-2164.54,10.496,2.45526953980529,-489.670733847655,489.670733847655,28056.0664005445,0.998292411320902,223.496823515631,2164.54,2096.17,1.03261662937643,BOUNDARY_LIMITED,0,NORMAL,GOOD
13,13,13,2,43,526,671.097699619772,671.03,14.1273243998349,12.1131658235213,3.99236882129278,24.9899782040942,-10.475,10.495,-1693.3,1647.25,1693.3,-1693.3,10.404,2.52317956231914,-417.005417877859,417.005417877859,23892.6504784906,0.997816042271086,141.289175439934,1693.3,1647.25,1.02795568371528,BOUNDARY_LIMITED,0.0909999999999993,NORMAL,GOOD
14,14,14,2,41,526,220.477433460076,220.18,15.6850530144782,12.1069700098961,3.9923422053232,24.9883479907001,-10.469,10.475,-610.4,641.43,641.43,641.43,-7.912,2.90927733479876,-182.780596206056,182.780596206056,10472.5567394919,0.991384317963982,7.48514936596342,610.4,641.43,0.951623715760099,RESOLVED,2.557,LOW_LOAD,GOOD
15,15,15,2,45,527,1107.41812144212,1105.46,18.6518027365621,12.092696144393,3.98928842504744,24.989945813225,-10.486,10.493,-2618.07,2549.54,2618.07,-2618.07,10.354,2.3641206056757,-548.119367565641,548.119367565641,31404.9264308911,0.998721215539628,297.892466672005,2618.07,2549.54,1.0268793586294,BOUNDARY_LIMITED,0.139000000000001,NORMAL,GOOD
16,16,16,2,42,526,446.044961977186,446.84,16.2535259500231,12.1022438752482,3.99236882129278,24.9908878159155,-10.463,10.495,-1172.61,1155.91,1172.61,-1172.61,10.09,2.62890537940876,-311.690317224732,311.690317224732,17858.539692071,0.996314789045504,60.4759448090103,1172.61,1155.91,1.01444749158671,BOUNDARY_LIMITED,0.404999999999999,NORMAL,GOOD
17,17,17,2,20,526,1091.03701520913,1086.87,34.5419361636142,10.082720216392,-0.00451520912547529,24.9905570479805,-10.474,10.465,-2778.44,2751.68,2778.44,-2778.44,10.423,2.54660470842728,-595.850811989245,595.850811989245,34139.7367464269,0.999465269140203,-40.2519018772747,2778.44,2751.68,1.00972496801954,BOUNDARY_LIMITED,0.0419999999999998,NORMAL,GOOD
18,18,18,2,19,526,873.196520912547,871.285,23.9980230905349,10.0929004317477,-0.00454752851711027,24.9919864379854,-10.482,10.487,-2276.21,2252.16,2276.21,-2276.21,10.391,2.60675569071349,-554.665602864297,554.665602864297,31779.9980852037,0.998589112480903,-20.9830589226891,2276.21,2252.16,1.01067863739699,BOUNDARY_LIMITED,0.0960000000000001,NORMAL,GOOD
19,19,19,2,18,526,650.806235741445,651.445,17.4277551676721,10.1020383606993,-0.00430038022813688,24.989293041943,-10.491,10.461,-1797.26,1727.98,1797.26,-1797.26,10.461,2.7615900114301,-478.308687754673,478.308687754673,27405.0691127835,0.997057155601944,-15.8083330876303,1797.26,1727.98,1.0400930566326,BOUNDARY_LIMITED,0,NORMAL,GOOD
20,20,20,2,16,526,205.723060836502,205.76,13.929824062886,10.1026284381874,-0.000574144486692015,24.9898836989699,-10.477,10.481,-681.54,656.71,681.54,-681.54,8.463,3.31290034879295,-224.007042413318,224.007042413318,12834.6581114911,0.989013094347931,-2.84491025860472,681.54,656.71,1.03780968768558,RESOLVED,2.018,LOW_LOAD,GOOD
21,21,21,2,20,526,1087.35954372624,1082.76,33.8657719179844,10.0793948264356,-0.000889733840304183,24.9928842366662,-10.493,10.477,-2734.48,2690.91,2734.48,-2734.48,10.477,2.51478916589935,-583.026157603895,583.026157603895,33404.9381764323,0.999507458509476,-30.7612865896374,2734.48,2690.91,1.01619154858394,BOUNDARY_LIMITED,0,NORMAL,GOOD
22,22,22,2,17,527,428.514440227704,429.64,13.3685913476147,10.0915771759956,-0.00406831119544592,24.9946738938338,-10.48,10.498,-1261.88,1188.14,1261.88,-1261.88,10.189,2.94477824208086,-367.596963553127,367.596963553127,21061.7545734185,0.993818044585187,-6.75551812343778,1261.88,1188.14,1.06206339320282,BOUNDARY_LIMITED,0.308999999999999,NORMAL,GOOD
23,23,23,2,24,526,871.928003802281,872.33,18.3880145024127,10.104751614196,1.99530038022814,24.9913367152559,-10.479,10.48,-2265.81,2180.22,2265.81,-2265.81,10.162,2.5986205169685,-530.796832651652,530.796832651652,30412.4182898515,0.99913108492734,139.746501091571,2265.81,2180.22,1.03925750612324,BOUNDARY_LIMITED,0.318,NORMAL,GOOD
24,24,24,2,23,526,661.507870722433,661.76,13.4883433989507,10.1047157683673,1.99404942965779,24.9957075772545,-10.472,10.466,-1794.8,1689.93,1794.8,-1794.8,10.119,2.71319523082907,-463.007822084573,463.007822084573,26528.3940869901,0.99804283647426,92.4188867515293,1794.8,1689.93,1.06205582479748,BOUNDARY_LIMITED,0.347,NORMAL,GOOD
25,25,25,2,21,526,214.336863117871,215,16.7458611645155,10.1022313767,1.99503041825095,24.9912422101316,-10.5,10.442,-686.63,672.28,686.63,-686.63,9.359,3.20350867327194,-220.607533300106,220.607533300106,12639.8805868878,0.990958069723731,10.4970746054277,686.63,672.28,1.021345272803,RESOLVED,1.083,LOW_LOAD,GOOD
26,26,26,2,25,526,1097.78279467681,1091.935,28.5482225346726,10.0972791375941,1.9901825095057,24.9889150214459,-10.49,10.481,-2712.87,2637.01,2712.87,-2712.87,10.481,2.47122656062276,-565.092114284384,565.092114284384,32377.3931846196,0.999427598608895,169.95071495313,2712.87,2637.01,1.02876742977842,BOUNDARY_LIMITED,0,NORMAL,GOOD
27,27,27,2,22,526,437.653307984791,438.595,14.9205810587802,10.1082314169531,1.99025475285171,24.9895883704565,-10.486,10.471,-1252.03,1189.39,1252.03,-1252.03,10.176,2.86078038748312,-355.647560808143,355.647560808143,20377.1042284289,0.996005741021116,44.6468344361707,1252.03,1189.39,1.05266565214101,BOUNDARY_LIMITED,0.295,NORMAL,GOOD
28,28,28,2,29,527,880.65660341556,879.14,15.7753246229164,10.1030673573057,3.99273624288425,24.9942140555701,-10.496,10.499,-2210.84,2112.51,2210.84,-2210.84,10.426,2.51044503774278,-486.910303455118,486.910303455118,27897.9053894124,0.998150717350643,258.054943501072,2210.84,2112.51,1.04654652522355,BOUNDARY_LIMITED,0.0730000000000004,NORMAL,GOOD
29,29,29,2,28,527,669.600872865275,668.97,13.6261872122719,10.1213470661107,3.98990891840607,24.9953931280412,-10.496,10.496,-1692.15,1627.9,1692.15,-1692.15,8.434,2.52710244053171,-417.85060849149,417.85060849149,23941.0763335357,0.997839383851134,169.196329592722,1692.15,1627.9,1.03946802629154,RESOLVED,2.062,NORMAL,GOOD
30,30,30,2,26,525,219.886723809524,220,14.5228171202659,10.1125145339229,3.99217333333333,24.9947449750599,-10.449,10.45,-621.66,605.94,621.66,-621.66,10.109,2.82718296598257,-185.06328150007,185.06328150007,10603.3449727955,0.993507105805329,15.2634426927383,621.66,605.94,1.02594316268938,BOUNDARY_LIMITED,0.340999999999999,LOW_LOAD,GOOD
31,31,31,2,30,526,1104.84355513308,1100.765,25.8999481687991,10.0951476894712,3.98971673003803,24.99296692865,-10.493,10.48,-2654.96,2561.62,2654.96,-2654.96,10.167,2.40301895020803,-531.159021453519,531.159021453519,30433.1701795854,0.998994568656135,330.502868470906,2654.96,2561.62,1.0364378791546,BOUNDARY_LIMITED,0.313000000000001,NORMAL,GOOD
32,32,32,2,27,526,446.741064638783,446.78,14.5295415720165,10.1082010858672,3.9926349809886,24.9925180293096,-10.478,10.478,-1174.39,1127.92,1174.39,-1174.39,8.244,2.62879348454247,-317.659767617178,317.659767617178,18200.5640055708,0.996867149679546,83.2178960421304,1174.39,1127.92,1.04119973047734,RESOLVED,2.234,NORMAL,GOOD
33,33,33,2,50,526,1088.04711026616,1084.83,26.1447758601291,14.088191022082,-0.00476235741444867,24.9895765573159,-10.488,10.448,-2594.34,2496.28,2594.34,-2594.34,10.448,2.38440043222519,-583.506872587092,583.506872587092,33432.4811161183,0.997934503398825,-42.3879286208532,2594.34,2496.28,1.03928245228901,BOUNDARY_LIMITED,0,NORMAL,GOOD
34,34,34,2,49,526,870.213346007605,870.44,20.0351123262577,14.1004447807605,-0.00432699619771863,24.9930023680716,-10.474,10.477,-2121.53,2025.24,2121.53,-2121.53,10.304,2.43794238474189,-510.913475608055,510.913475608055,29273.1858487017,0.996696316512019,-22.7009138408659,2121.53,2025.24,1.04754498232308,BOUNDARY_LIMITED,0.173,NORMAL,GOOD
35,35,35,2,48,525,649.047104761905,649.71,16.7398518762336,14.1059449279539,-0.00469333333333334,24.9946502899259,-10.444,10.442,-1640.51,1551.49,1640.51,-1640.51,10.065,2.52756693306844,-418.92123417071,418.92123417071,24002.4186663933,0.994090436154977,-8.83222924272914,1640.51,1551.49,1.05737710201161,BOUNDARY_LIMITED,0.377000000000001,NORMAL,GOOD
36,36,36,2,46,526,209.329410646388,209.17,15.902468063453,14.0842066203515,-5.13307984790875e-05,24.992636160715,-10.476,10.486,-649.78,604.9,649.78,-649.78,9.196,3.10410275361473,-199.888614558877,199.888614558877,11452.7739869409,0.989665869198836,0.203798644884306,649.78,604.9,1.07419408166639,RESOLVED,1.29,LOW_LOAD,GOOD
37,37,37,2,50,527,1083.93721062619,1081.01,24.0761645537459,14.1017137523974,-0.00178937381404175,24.9943437535419,-10.49,10.49,-2568.77,2454.14,2568.77,-2568.77,10.455,2.36985129287704,-574.760786216449,574.760786216449,32931.3672798235,0.997686921811954,-34.8553677224084,2568.77,2454.14,1.0467088267173,BOUNDARY_LIMITED,0.0350000000000001,NORMAL,GOOD
38,38,38,2,47,526,428.457186311787,428.58,16.7436584746494,14.0901046378612,-0.00126996197718631,24.9947152734495,-10.497,10.476,-1147.93,1069.87,1147.93,-1147.93,10.052,2.67921751968155,-317.36653357766,317.36653357766,18183.7629326968,0.993082765908988,-2.12294657278429,1147.93,1069.87,1.07296213558657,BOUNDARY_LIMITED,0.424000000000001,NORMAL,GOOD
39,39,39,2,54,526,870.626254752852,871.2,17.1685726018356,14.1026892811125,1.99393536121673,24.9933567622877,-10.485,10.472,-2120.83,1990.05,2120.83,-2120.83,10.155,2.43598213173809,-502.505639473205,502.505639473205,28791.4523233372,0.997710461128262,82.4693277357502,2120.83,1990.05,1.06571694178538,BOUNDARY_LIMITED,0.317,NORMAL,GOOD
40,40,40,2,53,526,659.623840304183,660.425,18.3504435364892,14.1131810794409,1.99303422053232,24.9970897146974,-10.483,10.466,-1662.49,1544.84,1662.49,-1662.49,10.466,2.52036069410916,-422.140592380899,422.140592380899,24186.8743045779,0.996698188200921,51.8235511640587,1662.49,1544.84,1.07615675409751,BOUNDARY_LIMITED,0,NORMAL,GOOD
41,41,41,2,51,526,211.675817490494,211.685,18.9353520217497,14.1027278843126,1.99573384030418,24.994089177001,-10.479,10.486,-629.46,645.44,645.44,645.44,-7.651,3.04919101129247,-197.802638758042,197.802638758042,11333.2563773867,0.988337553736796,8.38686958682675,629.46,645.44,0.975241695587506,RESOLVED,2.828,LOW_LOAD,GOOD
42,42,42,2,55,526,1095.77268060836,1098.24,20.2764842505439,14.0900853362611,1.99313498098859,24.9938292879092,-10.471,10.499,-2580.42,2432.59,2580.42,-2580.42,10.396,2.35488623294329,-570.05718475654,570.05718475654,32661.8707676592,0.998578069579615,111.610011026496,2580.42,2432.59,1.0607706189699,BOUNDARY_LIMITED,0.103,NORMAL,GOOD
43,43,43,2,52,526,436.993288973384,437.535,19.9844816276018,14.11576473648,1.99267300380228,24.9911358918668,-10.47,10.491,-1176.28,1136.49,1176.28,-1176.28,10.162,2.69175758456932,-317.770984623605,317.770984623605,18206.9362706491,0.99359031405237,24.197083741277,1176.28,1136.49,1.03501130674269,BOUNDARY_LIMITED,0.328999999999999,NORMAL,GOOD
44,44,44,2,59,526,878.750209125475,879.08,16.8547000920894,14.0850090154404,3.99188403041825,24.9942663741091,-10.495,10.471,-2097.33,1941.44,2097.33,-2097.33,10.471,2.38671920441105,-470.035488072188,470.035488072188,26931.0496879081,0.998262171050549,166.819455208665,2097.33,1941.44,1.08029606889731,BOUNDARY_LIMITED,0,NORMAL,GOOD
45,45,45,2,58,526,668.832585551331,669.235,18.3060615557564,14.0969429190319,3.98862547528517,24.9938765404713,-10.466,10.492,-1638.55,1512.33,1638.55,-1638.55,10.268,2.44986568447366,-394.542700471169,394.542700471169,22605.6315746922,0.997440130477464,103.374817776944,1638.55,1512.33,1.08346062036725,BOUNDARY_LIMITED,0.224,NORMAL,GOOD
46,46,46,2,56,526,217.75108365019,217.045,18.7669466924377,14.1010403729915,3.99256273764259,24.9925652818718,-10.466,10.461,-598.57,612.13,612.13,612.13,-8.147,2.81114559679237,-178.017996530313,178.017996530313,10199.6798785615,0.989922884486849,9.80061051822682,598.57,612.13,0.977847842778495,RESOLVED,2.319,LOW_LOAD,GOOD
47,47,47,2,60,526,1106.31435361217,1106.045,17.1402923423548,14.0874410170503,3.99210266159696,24.9941836821253,-10.461,10.458,-2522.39,2367.88,2522.39,-2522.39,10.243,2.27999392014058,-534.695020278356,534.695020278356,30635.7679886117,0.998718888429883,238.945489206839,2522.39,2367.88,1.06525246211801,BOUNDARY_LIMITED,0.215,NORMAL,GOOD
48,48,48,2,57,526,443.993117870722,444.72,19.7664941172919,14.1073602683315,3.98905703422053,24.9960855977517,-10.467,10.486,-1131.88,1066.9,1131.88,-1131.88,10.412,2.54931879446287,-297.730878250966,297.730878250966,17058.7227545037,0.995147789656743,49.6509333436101,1131.88,1066.9,1.06090542693786,BOUNDARY_LIMITED,0.0739999999999998,NORMAL,GOOD
49,49,49,4,5,527,1084.29400379507,1075.96,40.4429230545209,8.10033838745533,-0.00198102466793169,24.9865972474072,-10.494,10.494,-2661.4,2592.11,2661.4,-2661.4,10.231,2.45450033910084,-533.481901999212,533.481901999212,30566.2614311666,0.999677226524241,-31.2239067560329,2661.4,2592.11,1.02673111866395,BOUNDARY_LIMITED,0.263,NORMAL,GOOD
50,50,50,4,4,526,869.325475285171,864.22,26.72849802244,8.10267108706798,-0.000925855513307985,24.9898482595483,-10.48,10.479,-2255.84,2219.58,2255.84,-2255.84,10.441,2.59493143147565,-498.449432419173,498.449432419173,28559.04877831,0.999511686258846,-24.2467460784036,2255.84,2219.58,1.01633642400815,BOUNDARY_LIMITED,0.0379999999999985,NORMAL,GOOD
51,51,51,4,3,526,647.314600760456,645.215,17.9062429691121,8.10157365323494,-0.00234030418250951,24.9882771118569,-10.484,10.471,-1761.31,1744.77,1761.31,-1761.31,9.829,2.72094897586249,-444.399089243717,444.399089243717,25462.1922331226,0.998696206030814,-9.23242153185046,1761.31,1744.77,1.00947975950985,BOUNDARY_LIMITED,0.641999999999999,NORMAL,GOOD
52,52,52,4,1,526,204.059125475285,204.88,15.9264713215941,8.10620052251093,-0.000361216730038022,24.9863751962305,-10.494,10.467,-753.31,706.98,753.31,-753.31,7.524,3.69162613161957,-227.075902014176,227.075902014176,13010.4908145385,0.992273841867135,8.94110373356544,753.31,706.98,1.06553226399615,RESOLVED,2.943,LOW_LOAD,GOOD
53,53,53,4,5,526,1087.07828897338,1077.76,44.3032963378589,8.10002952522865,0.00226996197718631,24.9877455205327,-10.479,10.461,-2685.17,2629.33,2685.17,-2685.17,10.025,2.47007968720985,-517.172742821316,517.172742821316,29631.8154428661,0.999555582001261,-43.3310815879022,2685.17,2629.33,1.02123734943883,BOUNDARY_LIMITED,0.436,NORMAL,GOOD
54,54,54,4,2,526,425.416711026616,425.31,14.335835684783,8.09656902407169,0.00246958174904943,24.9885842535108,-10.474,10.489,-1279.93,1241.91,1279.93,-1279.93,9.643,3.00865002907683,-355.314729040545,355.314729040545,20358.0343728576,0.996818682737697,-1.42503469151245,1279.93,1241.91,1.03061413467965,RESOLVED,0.846,HIGH_MU,GOOD
55,55,55,4,9,526,868.869239543726,864.09,22.112689573693,8.10159019746358,1.9946102661597,24.9863633830899,-10.457,10.489,-2232.25,2177.69,2232.25,-2232.25,10.325,2.56914377722962,-488.230663392833,488.230663392833,27973.5564412817,0.999514740666631,124.954663870377,2232.25,2177.69,1.02505407105695,BOUNDARY_LIMITED,0.164000000000001,NORMAL,GOOD
56,56,56,4,8,525,659.33220952381,658.67,14.5934752123273,8.10940800726457,1.99247619047619,24.9889455105991,-10.468,10.439,-1769.99,1712.18,1769.99,-1769.99,10.141,2.68451923693875,-438.922211673424,438.922211673424,25148.390263435,0.999170219016859,95.7522742239746,1769.99,1712.18,1.03376397341401,BOUNDARY_LIMITED,0.298,NORMAL,GOOD
57,57,57,4,6,526,211.230608365019,211.585,17.3418790548486,8.10459573233297,1.99397718631179,24.9887260111973,-10.478,10.488,-740.6,692.95,740.6,-740.6,7.667,3.50612065993864,-228.095947379884,228.095947379884,13068.9351089054,0.994047016497455,18.2099541541918,740.6,692.95,1.06876398008514,RESOLVED,2.821,LOW_LOAD,GOOD
58,58,58,4,10,526,1092.90057034221,1082.205,38.6283172723475,8.11169872116191,1.99308745247148,24.9891985368187,-10.472,10.499,-2655.26,2540.27,2655.26,-2655.26,9.973,2.42955312866988,-509.8974030335,509.8974030335,29214.9691785007,0.999717643892516,152.054409426596,2655.26,2540.27,1.04526684171368,BOUNDARY_LIMITED,0.526,NORMAL,GOOD
59,59,59,4,7,526,436.140285171103,438.305,14.7431459883163,8.10848086869165,1.99021482889734,24.9887614506189,-10.485,10.49,-1271.91,1188,1271.91,-1271.91,9.639,2.9162864409579,-352.180580906229,352.180580906229,20178.4609123926,0.998080637046197,58.8806702206164,1271.91,1188,1.07063131313131,RESOLVED,0.851000000000001,NORMAL,GOOD
60,60,60,4,14,525,876.663847619048,872.14,20.3631478911735,8.10081072269643,3.99254476190476,24.9899988827154,-10.459,10.464,-2178.52,2093.48,2178.52,-2178.52,10.379,2.48501179319382,-459.733458459126,459.733458459126,26340.7868706609,0.998848220908851,256.400841810758,2178.52,2093.48,1.04062135773927,BOUNDARY_LIMITED,0.0850000000000009,NORMAL,GOOD
61,61,61,4,13,526,667.303783269962,667.615,13.3923508211497,8.10623085359677,3.99197718631179,24.9912776495532,-10.463,10.49,-1711.7,1619.37,1711.7,-1711.7,8.87,2.56509859963962,-407.522371665928,407.522371665928,23349.3119536194,0.998463994198998,178.609678353056,1711.7,1619.37,1.0570160000494,RESOLVED,1.62,NORMAL,GOOD
62,62,62,4,11,526,216.718288973384,217.53,15.677842627344,8.10816377097607,3.99107414448669,24.9939828587362,-10.477,10.49,-636.09,598.15,636.09,-636.09,7.841,2.93510069230069,-194.271377172209,194.271377172209,11130.9299921617,0.995879937205584,25.8476530553,636.09,598.15,1.06342890579286,RESOLVED,2.649,LOW_LOAD,GOOD
63,63,63,4,15,525,1099.84666666667,1087.66,36.3601386751807,8.09030446523735,3.9926780952381,24.990993076623,-10.453,10.465,-2601.79,2459.35,2601.79,-2601.79,10.429,2.36559338574468,-486.198231669898,486.198231669898,27857.106681409,0.999070079852969,317.186744144874,2601.79,2459.35,1.05791774249294,BOUNDARY_LIMITED,0.0359999999999996,NORMAL,GOOD
64,64,64,4,12,527,443.380910815939,443.15,14.1064348342015,8.1065086836223,3.99266034155598,24.9877645291535,-10.482,10.497,-1190.87,1098.41,1190.87,-1190.87,9.677,2.68588468955166,-320.729020757557,320.729020757557,18376.4192567718,0.998389719114671,94.6056936903017,1190.87,1098.41,1.08417621835198,RESOLVED,0.82,NORMAL,GOOD
65,65,65,4,35,526,1084.38159695817,1081.315,28.520891499409,12.0894579438819,-0.00174334600760456,24.9909586947587,-10.493,10.488,-2477.38,2431.88,2477.38,-2477.38,10.26,2.28460166324231,-561.934600235178,561.934600235178,32196.4809558468,0.998881095623378,-47.7370615588575,2477.38,2431.88,1.0187098047601,BOUNDARY_LIMITED,0.228,NORMAL,GOOD
66,66,66,4,34,526,869.575456273764,868.76,21.4336908645509,12.0900176902841,-0.00192585551330798,24.989930951532,-10.496,10.484,-2018.47,1990.93,2018.47,-2018.47,10.078,2.32121316837689,-503.67537555521,503.67537555521,28858.4732639802,0.997746107408178,-27.0890691902482,2018.47,1990.93,1.01383273143707,BOUNDARY_LIMITED,0.406000000000001,NORMAL,GOOD
67,67,67,4,33,526,647.729201520913,647.205,17.2124805696685,12.0978706841447,-0.0011787072243346,24.9914902860829,-10.485,10.467,-1596.5,1548.78,1596.5,-1596.5,10.196,2.46476459028141,-421.444419685833,421.444419685833,24146.9865473384,0.996337419730611,-8.99566375463008,1596.5,1548.78,1.03081134828704,BOUNDARY_LIMITED,0.271000000000001,NORMAL,GOOD
68,68,68,4,31,526,204.980760456274,206.385,14.6790221223426,12.1035867151394,-0.000785171102661597,24.9896356230186,-10.463,10.474,-664.95,613.66,664.95,-664.95,8.853,3.2439629871597,-201.692113871001,201.692113871001,11556.1068858803,0.990971602418437,4.28552763901665,664.95,613.66,1.08358048430727,RESOLVED,1.621,LOW_LOAD,GOOD
69,69,69,4,35,527,1083.97719165085,1080.24,27.8090422845267,12.093769478695,-0.00174573055028463,24.98933269554,-10.5,10.482,-2438.16,2413.09,2438.16,-2438.16,10.482,2.24927241899507,-553.29895780234,553.29895780234,31701.6950910611,0.998782670729822,-41.9177516944772,2438.16,2413.09,1.01038916907368,BOUNDARY_LIMITED,0,NORMAL,GOOD
70,70,70,4,32,526,427.872946768061,428.71,16.1587625252566,12.0987089250624,-0.00572243346007605,24.9891749105377,-10.496,10.48,-1167.35,1106.9,1167.35,-1167.35,10.132,2.72826316507641,-321.514221019119,321.514221019119,18421.4079178318,0.9939452561142,1.61869870657338,1167.35,1106.9,1.05461197940193,BOUNDARY_LIMITED,0.348000000000001,NORMAL,GOOD
71,71,71,4,39,525,866.578857142857,865.91,16.8768998542797,12.087105260031,1.99308190476191,24.9920819556646,-10.454,10.469,-2027.77,1954.53,2027.77,-2027.77,10.128,2.3399716982314,-488.82050672131,488.82050672131,28007.3519745773,0.99856074943516,88.8732404876919,2027.77,1954.53,1.03747192419661,BOUNDARY_LIMITED,0.340999999999999,NORMAL,GOOD
72,72,72,4,38,526,658.880513307985,660.465,15.8112509165321,12.0943963961305,1.99198288973384,24.9924944030285,-10.489,10.494,-1635.58,1531.84,1635.58,-1635.58,10.367,2.48236207774363,-420.256007507147,420.256007507147,24078.8955451777,0.997706889560479,59.4423829117553,1635.58,1531.84,1.06772247754335,BOUNDARY_LIMITED,0.126999999999999,NORMAL,GOOD
73,73,73,4,36,525,210.585542857143,210.93,18.9623748779523,12.0997000609134,1.99283238095238,24.9897148273133,-10.46,10.466,-656.29,652.89,656.29,-656.29,8.27,3.11650073929916,-207.586441539419,207.586441539419,11893.8269843479,0.990458773841129,11.0451540268326,656.29,652.89,1.00520761537166,RESOLVED,2.196,LOW_LOAD,GOOD
74,74,74,4,40,526,1095.14701520913,1093.17,23.2509168447542,12.0880020517616,1.99428707224335,24.9906633662453,-10.49,10.487,-2471.64,2405.61,2471.64,-2471.64,10.076,2.25690246667752,-542.402386480799,542.402386480799,31077.3675431735,0.999134983894306,110.270590129257,2471.64,2405.61,1.0274483395064,BOUNDARY_LIMITED,0.411,NORMAL,GOOD
75,75,75,4,37,527,435.735654648956,437.35,17.9294985366028,12.0957592753626,1.99204364326376,24.9906296752582,-10.493,10.487,-1178.98,1107.07,1178.98,-1178.98,10.258,2.70572303969439,-323.212279769892,323.212279769892,18518.6995176164,0.995693121998733,28.0478093269168,1178.98,1107.07,1.06495524221594,BOUNDARY_LIMITED,0.229000000000001,NORMAL,GOOD
76,76,76,4,44,527,876.047741935484,876.94,14.7926194224736,12.0961445748556,3.9917760910816,24.9897571616296,-10.49,10.479,-2028.07,1891.97,2028.07,-2028.07,10.458,2.31502223328527,-459.128735830588,459.128735830588,26306.1388162696,0.998626818577234,179.087228671442,2028.07,1891.97,1.07193560151588,BOUNDARY_LIMITED,0.020999999999999,NORMAL,GOOD
77,77,77,4,43,526,666.684144486692,667.88,15.6295797807825,12.1025471861066,3.99177186311787,24.9897655675645,-10.456,10.483,-1593.49,1458.24,1593.49,-1593.49,10.112,2.39017233749708,-391.965956789142,391.965956789142,22457.995036825,0.998407253335819,113.620745670597,1593.49,1458.24,1.09274879306561,BOUNDARY_LIMITED,0.371,NORMAL,GOOD
78,78,78,4,41,526,216.505076045627,216.87,18.5525109350246,12.1192761586319,3.99122243346008,24.9894938653322,-10.491,10.466,-614.3,594.6,614.3,-614.3,7.672,2.83734687065969,-186.412900267782,186.412900267782,10680.6724321371,0.991427631025382,15.0964238465221,614.3,594.6,1.03313151698621,RESOLVED,2.794,LOW_LOAD,GOOD
79,79,79,4,45,526,1102.59737642585,1100.695,19.0977969200373,12.1057154058909,3.99199809885932,24.9923762716232,-10.485,10.444,-2457.49,2366.55,2457.49,-2457.49,10.365,2.2288190163903,-515.255409053741,515.255409053741,29521.9603100662,0.998775043428951,245.472724785397,2457.49,2366.55,1.03842724641356,BOUNDARY_LIMITED,0.0790000000000006,NORMAL,GOOD
80,80,80,4,42,525,443.339752380952,444.22,17.9602429825435,12.1001945705335,3.99210285714286,24.988318221586,-10.493,10.442,-1121.98,1044.78,1121.98,-1121.98,10.442,2.53074531208721,-303.040641863842,303.040641863842,17362.9497997336,0.99650229606006,57.2785276918586,1121.98,1044.78,1.07389115411857,BOUNDARY_LIMITED,0,NORMAL,GOOD
