SweepID,RunNumber,FileName,RegionID,StartTime_s,EndTime_s,Duration_s,SampleCount,Pressure_psi,FZ_N,IA_deg,Speed_mph,SA_Min_deg,SA_Max_deg,FY_Min_N,FY_Max_N,Direction,SweepType
1,2,B1965run2.mat,1,278.54,290.53,11.99,1200,12,1160,0,25,-12.202,12.213,-2728.75,2596.24,POS_TO_NEG,MAIN_CORNERING_PART_1
2,2,B1965run2.mat,2,312.33,324.33,12,1201,12,880.96,0,25,-12.178,12.193,-2272.02,2145.23,POS_TO_NEG,MAIN_CORNERING_PART_1
3,2,B1965run2.mat,3,346.12,358.12,12,1201,12,670,0,25,-12.166,12.159,-1754.51,1668.54,POS_TO_NEG,MAIN_CORNERING_PART_1
4,2,B1965run2.mat,4,379.9,391.9,12,1201,12,220,0,25,-12.071,12.06,-671.06,638.84,POS_TO_NEG,MAIN_CORNERING_PART_1
5,2,B1965run2.mat,5,413.73,425.73,12,1201,12,1160,0,25,-12.185,12.219,-2778.61,2608.62,POS_TO_NEG,MAIN_CORNERING_PART_1
6,2,B1965run2.mat,6,447.51,459.52,12.01,1202,12,470,0,25,-12.113,12.143,-1229.12,1160.76,POS_TO_NEG,MAIN_CORNERING_PART_1
7,2,B1965run2.mat,7,481.33,493.33,12,1201,12,874.82,2,25,-12.161,12.205,-2272.32,2122.3,POS_TO_NEG,MAIN_CORNERING_PART_1
8,2,B1965run2.mat,8,515.119,527.129,12.01,1202,12,670,2,25,-12.14,12.193,-1767.13,1662.19,POS_TO_NEG,MAIN_CORNERING_PART_1
9,2,B1965run2.mat,9,548.899,560.888,11.989,1200,12,220,2,25,-12.044,12.09,-662.5,692.11,POS_TO_NEG,MAIN_CORNERING_PART_1
10,2,B1965run2.mat,10,582.738,594.727,11.9889999999999,1200,12,1160,2,25,-12.205,12.208,-2770.48,2604.85,POS_TO_NEG,MAIN_CORNERING_PART_1
11,2,B1965run2.mat,11,616.507,628.507,12,1201,12,470,2,25,-12.107,12.157,-1225.46,1188.67,POS_TO_NEG,MAIN_CORNERING_PART_1
12,2,B1965run2.mat,12,650.326,662.316,11.99,1200,12,882.03,4,25,-12.15,12.202,-2246.4,2096.17,POS_TO_NEG,MAIN_CORNERING_PART_1
13,2,B1965run2.mat,13,684.115,696.105,11.99,1200,12,670,4,25,-12.099,12.191,-1735.84,1647.25,POS_TO_NEG,MAIN_CORNERING_PART_1
14,2,B1965run2.mat,14,717.884,729.894,12.01,1202,12,220,4,25,-12.042,12.107,-613.81,641.43,POS_TO_NEG,MAIN_CORNERING_PART_1
15,2,B1965run2.mat,15,751.734,763.723,11.9889999999999,1200,12,1160,4,25,-12.173,12.213,-2728.57,2549.54,POS_TO_NEG,MAIN_CORNERING_PART_1
16,2,B1965run2.mat,16,785.503,797.502,11.9989999999999,1201,12,470,4,25,-12.041,12.144,-1181.31,1155.91,POS_TO_NEG,MAIN_CORNERING_PART_1
17,2,B1965run2.mat,17,885.63,897.63,12,1201,10,1160,0,25,-12.22,12.214,-2881.76,2751.68,POS_TO_NEG,MAIN_CORNERING_PART_1
18,2,B1965run2.mat,18,919.419,931.419,12,1201,10,882.77,0,25,-12.191,12.22,-2360.29,2252.16,POS_TO_NEG,MAIN_CORNERING_PART_1
19,2,B1965run2.mat,19,953.219,965.218,11.9989999999999,1201,10,670,0,25,-12.162,12.207,-1824.93,1729.28,POS_TO_NEG,MAIN_CORNERING_PART_1
20,2,B1965run2.mat,20,986.998,998.987,11.9889999999999,1200,10,220,0,25,-12.064,12.107,-686.56,656.71,POS_TO_NEG,MAIN_CORNERING_PART_1
21,2,B1965run2.mat,21,1020.827,1032.816,11.989,1200,10,1160,0,25,-12.216,12.216,-2838.99,2690.91,POS_TO_NEG,MAIN_CORNERING_PART_1
22,2,B1965run2.mat,22,1054.604,1066.604,12,1201,10,470,0,25,-12.117,12.171,-1274.69,1192.72,POS_TO_NEG,MAIN_CORNERING_PART_1
23,2,B1965run2.mat,23,1088.412,1100.411,11.999,1201,10,875.35,2,25,-12.197,12.234,-2342.9,2180.22,POS_TO_NEG,MAIN_CORNERING_PART_1
24,2,B1965run2.mat,24,1122.21,1134.199,11.989,1200,10,670,2,25,-12.156,12.22,-1822.3,1689.93,POS_TO_NEG,MAIN_CORNERING_PART_1
25,2,B1965run2.mat,25,1155.977,1167.976,11.999,1201,10,220,2,25,-12.052,12.133,-686.63,672.28,POS_TO_NEG,MAIN_CORNERING_PART_1
26,2,B1965run2.mat,26,1189.815,1201.814,11.999,1201,10,1160,2,25,-12.21,12.216,-2828.21,2637.01,POS_TO_NEG,MAIN_CORNERING_PART_1
27,2,B1965run2.mat,27,1223.582,1235.581,11.9989999999998,1201,10,470,2,25,-12.098,12.173,-1261.04,1189.39,POS_TO_NEG,MAIN_CORNERING_PART_1
28,2,B1965run2.mat,28,1257.41,1269.399,11.9889999999998,1200,10,880.3,4,25,-12.188,12.214,-2267.08,2112.51,POS_TO_NEG,MAIN_CORNERING_PART_1
29,2,B1965run2.mat,29,1291.187,1303.187,12,1201,10,670,4,25,-12.137,12.189,-1718.85,1627.9,POS_TO_NEG,MAIN_CORNERING_PART_1
30,2,B1965run2.mat,30,1324.955,1336.944,11.989,1200,10,220,4,25,-12.015,12.127,-624.77,605.94,POS_TO_NEG,MAIN_CORNERING_PART_1
31,2,B1965run2.mat,31,1358.802,1370.802,12,1201,10,1160,4,25,-12.201,12.192,-2736.12,2561.62,POS_TO_NEG,MAIN_CORNERING_PART_1
32,2,B1965run2.mat,32,1392.56,1404.549,11.989,1200,10,470,4,25,-12.062,12.163,-1174.39,1127.92,POS_TO_NEG,MAIN_CORNERING_PART_1
33,2,B1965run2.mat,33,1492.673,1504.682,12.009,1202,14,1160,0,25,-12.156,12.198,-2685.73,2496.28,POS_TO_NEG,MAIN_CORNERING_PART_1
34,2,B1965run2.mat,34,1526.47,1538.469,11.999,1201,14,880.02,0,25,-12.131,12.176,-2171.91,2027.16,POS_TO_NEG,MAIN_CORNERING_PART_1
35,2,B1965run2.mat,35,1560.258,1572.257,11.999,1201,14,670,0,25,-12.117,12.149,-1681.43,1573.66,POS_TO_NEG,MAIN_CORNERING_PART_1
36,2,B1965run2.mat,36,1594.045,1606.035,11.99,1200,14,220,0,25,-12.03,12.101,-656.68,604.9,POS_TO_NEG,MAIN_CORNERING_PART_1
37,2,B1965run2.mat,37,1627.873,1639.862,11.989,1200,14,1160,0,25,-12.16,12.18,-2647.38,2454.14,POS_TO_NEG,MAIN_CORNERING_PART_1
38,2,B1965run2.mat,38,1661.641,1673.64,11.999,1201,14,470,0,25,-12.082,12.124,-1163.24,1085.83,POS_TO_NEG,MAIN_CORNERING_PART_1
39,2,B1965run2.mat,39,1695.458,1707.457,11.999,1201,14,873.99,2,25,-12.111,12.197,-2171.78,1990.05,POS_TO_NEG,MAIN_CORNERING_PART_1
40,2,B1965run2.mat,40,1729.246,1741.245,11.9989999999998,1201,14,670,2,25,-12.084,12.167,-1699.58,1544.84,POS_TO_NEG,MAIN_CORNERING_PART_1
41,2,B1965run2.mat,41,1763.023,1775.022,11.999,1201,14,220,2,25,-12.01,12.098,-642.93,645.44,POS_TO_NEG,MAIN_CORNERING_PART_1
42,2,B1965run2.mat,42,1796.861,1808.85,11.9889999999998,1200,14,1160,2,25,-12.151,12.192,-2663.03,2432.59,POS_TO_NEG,MAIN_CORNERING_PART_1
43,2,B1965run2.mat,43,1830.628,1842.627,11.999,1201,14,470,2,25,-12.069,12.126,-1193.13,1136.49,POS_TO_NEG,MAIN_CORNERING_PART_1
44,2,B1965run2.mat,44,1864.446,1876.445,11.999,1201,14,879.4,4,25,-12.112,12.169,-2164.98,1941.44,POS_TO_NEG,MAIN_CORNERING_PART_1
45,2,B1965run2.mat,45,1898.233,1910.233,12,1201,14,670,4,25,-12.087,12.148,-1680.83,1512.33,POS_TO_NEG,MAIN_CORNERING_PART_1
46,2,B1965run2.mat,46,1932.001,1944,11.999,1201,14,220,4,25,-11.992,12.119,-604.23,612.13,POS_TO_NEG,MAIN_CORNERING_PART_1
47,2,B1965run2.mat,47,1965.839,1977.838,11.999,1201,14,1160,4,25,-12.131,12.179,-2624.83,2367.88,POS_TO_NEG,MAIN_CORNERING_PART_1
48,2,B1965run2.mat,48,1999.606,2011.605,11.999,1201,14,470,4,25,-12.029,12.145,-1150.96,1066.9,POS_TO_NEG,MAIN_CORNERING_PART_1
49,4,B1965run4.mat,1,109.22,121.24,12.02,1203,8,1160,0,25,-12.158,12.199,-2746.22,2592.11,POS_TO_NEG,MAIN_CORNERING_PART_2
50,4,B1965run4.mat,2,143.03,155.03,12,1201,8,875.24,0,25,-12.163,12.206,-2324.25,2219.58,POS_TO_NEG,MAIN_CORNERING_PART_2
51,4,B1965run4.mat,3,176.82,188.83,12.01,1202,8,670,0,25,-12.145,12.199,-1802.38,1744.77,POS_TO_NEG,MAIN_CORNERING_PART_2
52,4,B1965run4.mat,4,210.61,222.61,12,1201,8,260,0,25,-12.067,12.102,-753.31,706.98,POS_TO_NEG,MAIN_CORNERING_PART_2
53,4,B1965run4.mat,5,244.43,256.45,12.02,1203,8,1160,0,25,-12.178,12.203,-2777.4,2629.33,POS_TO_NEG,MAIN_CORNERING_PART_2
54,4,B1965run4.mat,6,278.23,290.22,11.99,1200,8,470,0,25,-12.118,12.184,-1283.85,1241.91,POS_TO_NEG,MAIN_CORNERING_PART_2
55,4,B1965run4.mat,7,312.04,324.05,12.01,1202,8,871.915,2,25,-12.201,12.182,-2322.75,2177.69,POS_TO_NEG,MAIN_CORNERING_PART_2
56,4,B1965run4.mat,8,345.84,357.83,11.99,1200,8,670,2,25,-12.175,12.184,-1819.7,1712.18,POS_TO_NEG,MAIN_CORNERING_PART_2
57,4,B1965run4.mat,9,379.61,391.6,11.99,1200,8,260,2,25,-12.033,12.136,-740.6,692.95,POS_TO_NEG,MAIN_CORNERING_PART_2
58,4,B1965run4.mat,10,413.44,425.44,12,1201,8,1160,2,25,-12.206,12.176,-2777.54,2541.52,POS_TO_NEG,MAIN_CORNERING_PART_2
59,4,B1965run4.mat,11,447.22,459.22,12,1201,8,470,2,25,-12.11,12.182,-1271.91,1188,POS_TO_NEG,MAIN_CORNERING_PART_2
60,4,B1965run4.mat,12,481.05,493.05,12,1201,8,670,4,25,-12.216,12.147,-2260.33,2093.48,POS_TO_NEG,MAIN_CORNERING_PART_2
61,4,B1965run4.mat,13,514.839,526.839,12,1201,8,670,4,25,-12.169,12.14,-1745.94,1619.37,POS_TO_NEG,MAIN_CORNERING_PART_2
62,4,B1965run4.mat,14,548.579,560.588,12.009,1202,8,260,4,25,-11.982,12.126,-636.09,598.15,POS_TO_NEG,MAIN_CORNERING_PART_2
63,4,B1965run4.mat,15,582.438,594.447,12.009,1202,8,1160,4,25,-12.207,12.169,-2709.19,2459.35,POS_TO_NEG,MAIN_CORNERING_PART_2
64,4,B1965run4.mat,16,616.207,628.217,12.01,1202,8,470,4,25,-12.078,12.157,-1190.87,1098.41,POS_TO_NEG,MAIN_CORNERING_PART_2
65,4,B1965run4.mat,17,721.424,733.424,12,1201,12,1160,0,25,-12.157,12.176,-2619.64,2433.04,POS_TO_NEG,RUN4_12PSI_OR_REPEAT
66,4,B1965run4.mat,18,755.223,767.223,12,1201,12,877.76,0,25,-12.116,12.183,-2101.26,1990.93,POS_TO_NEG,RUN4_12PSI_OR_REPEAT
67,4,B1965run4.mat,19,789.013,801.012,11.9989999999999,1201,12,670,0,25,-12.094,12.163,-1638.23,1548.78,POS_TO_NEG,RUN4_12PSI_OR_REPEAT
68,4,B1965run4.mat,20,822.802,834.792,11.99,1200,12,260,0,25,-12.034,12.108,-677.45,613.66,POS_TO_NEG,RUN4_12PSI_OR_REPEAT
69,4,B1965run4.mat,21,856.611,868.611,12,1201,12,1160,0,25,-12.126,12.175,-2522.78,2413.09,POS_TO_NEG,RUN4_12PSI_OR_REPEAT
70,4,B1965run4.mat,22,890.41,902.41,12,1201,12,470,0,25,-12.087,12.136,-1186.7,1106.9,POS_TO_NEG,RUN4_12PSI_OR_REPEAT
71,4,B1965run4.mat,23,924.219,936.219,12,1201,12,871.05,2,25,-12.122,12.175,-2069.11,1954.53,POS_TO_NEG,RUN4_12PSI_OR_REPEAT
72,4,B1965run4.mat,24,957.998,970.008,12.01,1202,12,670,2,25,-12.083,12.176,-1667.93,1531.84,POS_TO_NEG,RUN4_12PSI_OR_REPEAT
73,4,B1965run4.mat,25,991.788,1003.787,11.999,1201,12,260,2,25,-12.014,12.125,-660.98,652.89,POS_TO_NEG,RUN4_12PSI_OR_REPEAT
74,4,B1965run4.mat,26,1025.617,1037.616,11.999,1201,12,1160,2,25,-12.157,12.167,-2534.05,2405.61,POS_TO_NEG,RUN4_12PSI_OR_REPEAT
75,4,B1965run4.mat,27,1059.394,1071.383,11.989,1200,12,470,2,25,-12.052,12.156,-1194.55,1107.07,POS_TO_NEG,RUN4_12PSI_OR_REPEAT
76,4,B1965run4.mat,28,1093.202,1105.211,12.009,1202,12,878.17,4,25,-12.129,12.155,-2070.45,1891.97,POS_TO_NEG,RUN4_12PSI_OR_REPEAT
77,4,B1965run4.mat,29,1126.989,1138.988,11.999,1201,12,670,4,25,-12.081,12.123,-1634.31,1458.24,POS_TO_NEG,RUN4_12PSI_OR_REPEAT
78,4,B1965run4.mat,30,1160.757,1172.766,12.009,1202,12,260,4,25,-11.957,12.137,-614.3,594.6,POS_TO_NEG,RUN4_12PSI_OR_REPEAT
79,4,B1965run4.mat,31,1194.604,1206.614,12.01,1202,12,1160,4,25,-12.146,12.162,-2515.33,2366.55,POS_TO_NEG,RUN4_12PSI_OR_REPEAT
80,4,B1965run4.mat,32,1228.372,1240.371,11.999,1201,12,470,4,25,-12.029,12.153,-1129.6,1044.78,POS_TO_NEG,RUN4_12PSI_OR_REPEAT
81,4,B1965run4.mat,33,1333.624,1345.623,11.999,1201,12,873.52,0,15,-12.248,12.296,-2197.37,2060.65,POS_TO_NEG,SPEED_TEST_15MPH
82,4,B1965run4.mat,34,1367.402,1379.411,12.009,1202,12,670,0,15,-12.214,12.27,-1687.37,1602.77,POS_TO_NEG,SPEED_TEST_15MPH
83,4,B1965run4.mat,35,1401.169,1413.169,12,1201,12,260,0,15,-12.085,12.173,-687.77,629.83,POS_TO_NEG,SPEED_TEST_15MPH
84,4,B1965run4.mat,36,1435.017,1447.016,11.999,1201,12,1160,0,15,-12.258,12.31,-2630.71,2478.7,POS_TO_NEG,SPEED_TEST_15MPH
85,4,B1965run4.mat,37,1468.785,1480.794,12.009,1202,12,470,0,15,-12.157,12.221,-1194.34,1125.44,POS_TO_NEG,SPEED_TEST_15MPH
86,4,B1965run4.mat,38,1513.551,1525.56,12.009,1202,12,865.545,0,45,-12.046,12.066,-2034.92,1924.05,POS_TO_NEG,SPEED_TEST_45MPH
87,4,B1965run4.mat,39,1547.349,1559.348,11.999,1201,12,670,0,45,-12.039,12.083,-1604.5,1535.81,POS_TO_NEG,SPEED_TEST_45MPH
88,4,B1965run4.mat,40,1581.136,1593.135,11.999,1201,12,260,0,45,-12.001,12.064,-678.53,606.8,POS_TO_NEG,SPEED_TEST_45MPH
89,4,B1965run4.mat,41,1614.954,1626.943,11.989,1200,12,1160,0,45,-12.027,12.065,-2491.69,2317.69,POS_TO_NEG,SPEED_TEST_45MPH
90,4,B1965run4.mat,42,1648.741,1660.751,12.01,1202,12,470,0,45,-12.045,12.071,-1151.22,1086.44,POS_TO_NEG,SPEED_TEST_45MPH
